name	image_agreement	name_agreement_abs	age	familiarity	pos	reflexivity	name_relation	name_agreement_percent	part	frequency	arguments	subjective_complexity	phonemes	syllables	instrumentality	frequency_log	imageability
276. разговаривать (talk)	3.41	2.02	1.32	4.84	verb	off	off	60	None	95.4	1	2.61	14	6	on	1.9840770339	1.18
8. бороться (wrestle)	4.26	1.01	2.36	3.31	verb	on	off	82	None	70.3	1	2.96	6	3	off	1.8530895299	1.62
1. барабанить (drum)	4.5	0.89	1.81	2.85	verb	off	on	84	None	2.7	1	2.16	9	4	on	0.5682017241	1.1
9. бояться (be afraid)	3.0	1.66	1.36	3.68	verb	on	off	74	None	266.5	2	3.1	5	3	off	2.4273237864	1.78
2. бежать (run)	4.14	0.59	1.24	4.53	verb	off	off	92	None	143.6	1	2.24	5	2	off	2.160168293	1.03
11. бриться (shave intr)	3.03	0.14	1.23	3.96	verb	on	on	98	None	5.5	1	1.92	7	3	on	0.8129133566	1.26
3. бинтовать (bandage tr)	4.66	2.21	2.24	3.09	verb	off	on	47	None	0.7	2	2.77	8	3	on	0.2304489214	1.18
14. вариться (be boiled (cooked by boiling))	4.07	1.41	1.67	4.63	verb	on	off	73	None	3.7	1	2.28	7	3	off	0.6720978579	1.49
4. бить (beat)	4.09	1.49	1.34	3.48	verb	off	off	57	None	107.5	2	2.66	4	1	off	2.0354297382	1.12
20. взвешиваться (weight intr)	4.67	0.24	2.55	4.13	verb	on	on	97	None	0.4	1	2.54	12	5	on	0.1461280357	1.12
5. блеять (bleat)	4.57	0.8	2.47	2.86	verb	off	off	88	None	1.3	1	1.75	6	2	off	0.361727836	1.84
43. вытираться (wipe intr)	4.61	0.71	1.59	4.66	verb	on	off	87	None	0.8	1	2.28	10	5	on	0.2552725051	1.14
6. болеть (be ill)	3.17	0.59	1.66	4.37	verb	off	off	91	None	68.5	1	2.12	7	3	off	1.8419848046	1.23
52. гнаться (chase)	4.1	2.39	1.94	3.11	verb	on	off	35	None	5.9	2	2.49	6	3	off	0.8388490907	1.21
7. бомбить (bomb)	4.29	1.34	1.42	2.68	verb	off	on	73	None	6.4	2	2.99	6	2	on	0.8692317197	1.31
58. греться (warm up)	3.73	1.24	1.83	4.05	verb	on	off	76	None	6.7	1	3.17	7	3	off	0.8864907252	1.66
10. брить (shave tr)	3.51	0.45	2.29	3.15	verb	off	on	93	None	3.4	2	2.24	6	2	on	0.6434526765	1.22
72. драться (fight)	3.0	0.73	1.52	3.61	verb	on	off	90	None	21.8	1	3.22	6	3	off	1.357934847	1.09
12. буксовать (skid)	4.38	2.53	3.02	2.93	verb	off	off	54	None	1.7	1	3.04	8	3	off	0.4313637642	1.54
78. душиться (use perfume)	4.65	1.77	2.67	4.48	verb	on	on	71	None	0.5	1	2.39	6	3	on	0.1760912591	1.39
