name	image_agreement	name_agreement_abs	age	familiarity	pos	reflexivity	name_relation	name_agreement_percent	part	frequency	arguments	subjective_complexity	phonemes	syllables	instrumentality	frequency_log	imageability
7. ананас (a pineapple)	4.73	0.08	2.51	4.25	noun	None	None	99	1	3.6	None	2.89	6	3	None	0.6627578317	1.08
1. автобус (a bus)	4.46	0.0	1.43	4.79	noun	None	None	100	2	64.8	None	2.65	7	3	None	1.8182258936	1.07
2. автомат (a sub-machine gun)	3.64	1.72	2.21	2.76	noun	None	None	53	2	56.0	None	3.3	7	3	None	1.7558748557	1.56
3. автомобиль (a car)	3.04	1.04	1.7	4.72	noun	None	None	60	2	156.9	None	2.7	9	4	None	2.19838213	1.11
4. акваланг (an aqualung)	3.75	1.97	3.38	2.24	noun	None	None	44	1	1.9	None	3.17	8	3	None	0.4623979979	1.31
5. аквариум (an aquarium)	4.0	0.08	2.2	3.97	noun	None	None	99	1	8.3	None	3.36	8	4	None	0.9684829486	1.16
6. акула (a shark)	4.56	0.0	2.06	2.77	noun	None	None	100	1	9.3	None	3.25	5	3	None	1.0128372247	1.06
8. антенна (an antenna)	3.89	0.08	2.32	3.68	noun	None	None	99	1	8.5	None	2.23	6	3	None	0.9777236053	1.25
9. апельсин (an orange)	3.75	1.86	1.38	4.43	noun	None	None	50	1	7.6	None	2.88	7	3	None	0.9344984512	1.03
10. аптека (a pharmacy)	3.99	0.87	1.9	4.49	noun	None	None	86	2	15.1	None	3.41	6	3	None	1.206825876	1.18
11. арбуз (a watermelon)	4.65	1.06	1.43	4.38	noun	None	None	56	2	9.1	None	2.43	5	2	None	1.0043213738	1.02
12. арка (an arch)	3.65	0.59	2.73	3.9	noun	None	None	91	2	12.9	None	2.84	4	2	None	1.1430148003	1.2
13. арфа (a harp)	4.36	0.08	3.0	3.29	noun	None	None	99	1	2.6	None	2.93	4	2	None	0.5563025008	1.57
14. баба-яга (Baba-Yaga)	4.32	1.57	1.33	3.33	noun	None	None	67	2	2.5	None	4.05	8	4	None	0.5440680444	1.19
15. бабочка (a butterfly)	4.79	0.22	1.27	4.33	noun	None	None	97	1	21.3	None	3.28	7	3	None	1.348304863	1.07
16. бабушка (a grandmother)	3.76	0.92	1.05	4.62	noun	None	None	84	2	101.8	None	3.36	7	3	None	2.0119931147	1.11
17. багажник (a trunk)	3.91	0.54	2.51	4.1	noun	None	None	93	1	10.3	None	3.36	8	3	None	1.0530784435	1.49
18. балалайка (a balalaika)	4.57	0.24	2.1	3.3	noun	None	None	97	1	2.6	None	2.45	9	4	None	0.5563025008	1.09
19. балкон (a balcony)	3.54	0.52	1.78	4.54	noun	None	None	90	2	28.2	None	3.59	6	2	None	1.4653828514	1.2
20. банан (a banana)	4.59	0.0	2.08	4.71	noun	None	None	100	1	7.3	None	2.46	5	2	None	0.9190780924	1.0
