		name_agreement_percent	name_agreement_abs	subjective_complexity	familiarity	age	imageability	image_agreement	frequency	frequency_log	syllables	phonemes	name_relation	reflexivity	pos	part	arguments	instrumentality
list 1	mean	83.2	0.672	3.0295	3.93	2.0185	1.1875	4.0975	26.53	1.12999266999	2.95	6.6	None	None	None	None	None	None
	min	44	0.0	2.23	2.24	1.05	1.0	3.04	1.9	0.4623979979	2	4	None	None	None	None	None	None
	max	100	1.97	4.05	4.79	3.38	1.57	4.79	156.9	2.19838213	4	9	None	None	None	None	None	None
	SD	19.4025771484	0.655069461966	0.448959630702	0.730746193969	0.601001455905	0.167567150719	0.469455801966	39.0168822435	0.489077816596	0.668954408013	1.46287388383	None	None	None	None	None	None
	ratio	None	None	None	None	None	None	None	None	None	None	None	None	None	verb: 0; noun: 20; 	1: 11; 2: 9; 	None	None
	Shapiro, p-value	0.000585252884775	0.00881880894303	0.585865616798	0.0435498580337	0.710996508598	0.00279751163907	0.223880976439	7.76804336056e-06	0.119074337184	0.00108440790791	0.282364010811	None	None	None	None	None	None

list 2	mean	76.1	1.2105	2.5465	3.72	1.8765	1.3255	3.992	40.665	1.02761387526	3.1	7.25	None	None	None	None	None	None
	min	35	0.14	1.75	2.68	1.23	1.03	3.0	0.4	0.1461280357	1	4	None	None	None	None	None	None
	max	98	2.53	3.22	4.84	3.02	1.84	4.67	266.5	2.4273237864	6	14	None	None	None	None	None	None
	SD	17.2130764246	0.695208421986	0.420871417419	0.688926701471	0.523691464509	0.238756675299	0.586614012789	66.9055025764	0.733855355622	1.13578166916	2.36378933071	None	None	None	None	None	None
	ratio	None	None	None	None	None	None	None	None	None	None	None	on: 7; off: 13; 	on: 10; off: 10; 	verb: 20; noun: 0; 	None	1: 14; 2: 6; 	on: 9; off: 11; 
	Shapiro, p-value	0.114199578762	0.465215027332	0.487460106611	0.136934071779	0.110136672854	0.0197811052203	0.015280646272	1.11093604573e-05	0.0209993701428	0.00543223461136	0.00455548707396	None	None	None	None	None	None

statistics	test name	Mann	Mann	Student	Mann	Student	Mann	Mann	Mann	Mann	Mann	Mann	None	None	None	None	None	None
	t-value	134.5	110.5	3.4211940825	164.5	0.776466232147	119.0	186.0	160.0	160.0	196.5	186.0	None	None	None	None	None	None
	p-value	0.0391836959268	0.00798487199674	0.00150454093912	0.171870981264	0.442280245925	0.0146747943775	0.357464364018	0.142641059937	0.142641059937	0.464310234138	0.354841815249	None	None	None	None	None	None
	DF	38	38	38	38	38	38	38	38	38	38	38	None	None	None	None	None	None
	Levene, p-value	0.812155176242	0.668245899925	0.74718204062	0.900022797285	0.68895826026	0.217265924745	0.461388774462	0.314822443306	0.0976414510715	0.295977528094	0.349471755701	None	None	None	None	None	None
