name	image_agreement	name_agreement_abs	age	familiarity	reflexivity	name_agreement_percent	frequency	relation	arguments	subjective_complexity	phonemes	part	instrumentality	syllables	imageability
316. спасать (save)	3.92	0.7	1.99	2.9	off	91.0	1.53275437899	off	two	3.56	8.0	None	off	3.0	1.9
303. сидеть (sit)	4.65	0.48	1.18	4.86	off	94.0	2.73166933183	off	one	2.24	5.0	None	off	2.0	1.04
374. шептать (whisper)	4.47	1.69	1.93	4.18	off	65.0	1.46389298899	off	one	2.55	6.0	None	off	2.0	1.26
41. высыпать (pour out (about dry substances))	4.23	1.54	1.81	4.11	off	72.0	0.939519252619	off	two	2.68	9.0	None	off	4.0	1.16
35. выливать (pour out)	4.47	1.04	1.69	4.17	off	82.0	0.54406804435	off	two	2.55	9.0	None	off	4.0	1.12
75. дуть (blow)	4.04	1.03	1.49	4.31	off	76.0	1.29885307641	off	one	2.55	5.0	None	off	2.0	1.11
336. тереть (rub)	4.14	0.43	1.86	4.45	off	93.0	0.98227123304	on	two	2.65	4.0	None	on	1.0	1.35
372. чихать (sneeze)	4.39	1.38	1.34	4.21	off	58.0	0.681241237376	off	one	2.71	7.0	None	off	3.0	1.1
42. вытирать (wipe tr)	4.14	2.07	1.83	4.53	off	43.0	1.21748394421	on	two	2.39	9.0	None	on	4.0	1.21
349. умирать (die)	2.96	3.66	2.1	2.57	off	41.0	1.79934054945	off	one	3.83	8.0	None	off	4.0	2.23
321. стирать (wash)	4.61	0.24	1.76	3.99	off	97.0	1.17026171539	on	two	2.53	8.0	None	on	3.0	1.21
334. танцевать (dance)	4.23	0.14	1.54	4.23	off	98.0	1.63042787503	off	one	2.3	8.0	None	off	3.0	1.09
208. перебегать (run across)	4.54	1.24	1.84	4.38	off	76.0	0.716003343635	off	two	2.77	11.0	None	off	5.0	1.27
164. мокнуть (get wet)	4.37	0.68	1.99	4.11	off	91.0	0.518513939878	off	one	2.93	6.0	None	off	2.0	1.3
210. переезжать (drive across)	1.89	0.94	2.29	3.71	off	85.0	0.929418925714	on	two	3.37	11.0	None	on	5.0	1.54
15. вбегать (run into)	4.6	1.56	1.96	4.16	off	70.0	0.579783596617	off	one	2.89	8.0	None	off	3.0	1.27
80. есть (eat)	2.88	1.92	1.07	4.13	off	71.0	1.98091193778	off	two	2.5	4.0	None	off	1.0	1.0
248. подъезжать (drive up)	4.02	0.98	2.0	4.08	off	85.0	1.03742649794	on	one	2.96	10.0	None	on	4.0	1.32
54. голосовать (vote)	3.32	1.36	3.35	3.53	off	79.0	1.37657695706	off	one	3.68	9.0	None	off	4.0	1.56
132. копать (dig)	4.78	0.76	1.43	3.75	off	78.0	1.15228834438	on	two	2.64	7.0	None	on	3.0	1.02
