name	image_agreement	name_agreement_abs	age	familiarity	reflexivity	name_agreement_percent	frequency	relation	arguments	subjective_complexity	phonemes	part	instrumentality	syllables	imageability
447. помидор (a tomato)	4.64	0.74	1.38	4.76	None	82.0	1.21484384805	None	None	2.2	7.0	first	None	3.0	1.02
238. корень (a root)	3.91	1.33	2.05	3.95	None	58.0	1.81090428067	None	None	2.91	5.0	first	None	2.0	1.5
427. письмо (a letter)	4.19	1.42	1.78	4.02	None	52.0	2.4847268043	None	None	2.83	5.0	second	None	2.0	1.13
180. картина (a picture)	4.11	1.1	1.58	4.16	None	76.0	2.26693691116	None	None	2.82	7.0	second	None	3.0	1.23
395. пальто (a coat)	4.01	1.09	1.74	4.27	None	82.0	1.69548167649	None	None	2.52	5.0	first	None	2.0	1.29
61. варенье (jam)	4.28	2.08	1.41	4.24	None	48.0	1.14301480025	None	None	2.74	7.0	second	None	3.0	1.15
518. сердце (a heart)	3.96	0.38	1.76	4.19	None	95.0	2.3911116137	None	None	2.85	5.0	first	None	2.0	1.23
194. кисть (a brush)	4.24	1.02	2.03	4.27	None	63.0	1.43296929087	None	None	2.53	4.0	first	None	1.0	1.2
189. кекс (a cupcake)	4.26	0.91	2.34	4.21	None	84.0	0.322219294734	None	None	2.73	4.0	first	None	1.0	1.23
589. треугольник (a triangle)	4.75	0.0	2.02	4.57	None	100.0	1.19033169817	None	None	1.1	10.0	first	None	4.0	1.02
321. медсестра (a nurse)	4.03	0.48	2.01	3.91	None	93.0	1.23299611039	None	None	2.76	9.0	second	None	3.0	1.2
291. лебедь (a swan)	4.22	0.14	1.78	3.77	None	98.0	1.20139712432	None	None	3.06	5.0	first	None	2.0	1.25
472. раскладушка (a folding bed)	4.23	0.72	2.2	3.8	None	89.0	0.799340549454	None	None	2.58	11.0	first	None	4.0	1.29
224. кольцо (a ring)	4.1	0.5	1.72	4.21	None	89.0	1.78175537465	None	None	2.85	5.0	first	None	2.0	1.05
98. глобус (a globe)	4.96	0.0	2.48	4.07	None	100.0	0.812913356643	None	None	3.05	6.0	first	None	2.0	1.12
87. врач (a doctor)	4.01	1.06	1.49	4.11	None	77.0	2.24079877112	None	None	2.96	4.0	second	None	1.0	1.18
606. узбек (an Uzbek)	3.4	3.57	3.35	3.0	None	31.0	0.716003343635	None	None	3.01	5.0	second	None	2.0	2.26
383. открытка (a post card)	3.61	1.47	1.93	4.17	None	77.0	1.29885307641	None	None	2.79	8.0	first	None	3.0	1.21
487. рука (an arm)	4.29	0.16	1.02	4.87	None	98.0	3.07975991966	None	None	2.18	4.0	second	None	2.0	1.04
113. двигатель (an engine)	4.11	2.24	2.93	2.43	None	55.0	1.83250891271	None	None	4.28	8.0	second	None	3.0	2.15
