		name_agreement_percent	name_agreement_abs	subjective_complexity	familiarity	age	imageability	image_agreement	frequency	syllables	phonemes	part	relation	arguments	reflexivity	instrumentality
list 1	mean	77.25	1.192	2.814	4.018	1.8225	1.303	4.0325	1.21413535853	3.1	7.6	None	None	None	None	None
	min	41.0	0.14	2.24	2.57	1.07	1.0	1.89	0.518513939878	1.0	4.0	None	None	None	None	None
	max	98.0	3.66	3.83	4.86	3.35	2.23	4.78	2.73166933183	5.0	11.0	None	None	None	None	None
	SD	15.8173164601	0.771735706055	0.443738661827	0.515311556245	0.465111545761	0.298380629398	0.71302787463	0.534728919915	1.13578166916	2.03469899494	None	None	None	None	None
	ratio	None	None	None	None	None	None	None	None	None	None	None	on: 6; off: 14; 	two: 10; one: 10; 	on: 0; off: 20; 	on: 6; off: 14; 
	Shapiro, p-value	0.0973692834377	0.0249116867781	0.0131105110049	0.00646022381261	0.00999685004354	0.000791672966443	0.0010437037563	0.139734506607	0.124521479011	0.333191365004	None	None	None	None	None

list 2	mean	77.35	1.0205	2.7375	4.049	1.95	1.2875	4.1655	1.54744333787	2.35	6.2	None	None	None	None	None
	min	31.0	0.0	1.1	2.43	1.02	1.02	3.4	0.322219294734	1.0	4.0	None	None	None	None	None
	max	100.0	3.57	4.28	4.87	3.35	2.26	4.96	3.07975991966	4.0	11.0	None	None	None	None	None
	SD	19.4017396127	0.846548728662	0.555642645952	0.52817516034	0.522589705218	0.324928838363	0.341181403362	0.676427135758	0.852936105462	2.03960780544	None	None	None	None	None
	ratio	None	None	None	None	None	None	None	None	None	None	second: 8; first: 12; 	None	None	None	None
	Shapiro, p-value	0.06739654392	0.0264293402433	0.00164027570281	0.00281252386048	0.198636680841	1.15330376502e-05	0.198187664151	0.748246669769	0.0183082297444	0.0126184150577	None	None	None	None	None

statistics	test name	Student	Mann	Mann	Mann	Mann	Mann	Mann	Student	Mann	Mann	None	None	None	None	None
	t-value	-0.0174131125475	169.0	185.0	193.0	171.0	183.0	183.0	-1.684943446	123.0	123.5	None	None	None	None	None
	p-value	0.986198157317	0.204644968588	0.347397915701	0.430179823908	0.220310617101	0.327552056885	0.327620208208	0.100196469766	0.0159065900051	0.0187011366479	None	None	None	None	None
	DF	38	38	38	38	38	38	38	38	38	38	None	None	None	None	None
	Levene, p-value	0.393371945356	0.733592910449	0.996956190089	0.982684303615	0.519310101448	0.809901287372	0.0994062091333	0.251125991069	0.26238368634	1.0	None	None	None	None	None
