2	1. автобус (a bus)	100	0	2,65	--	4,79	1,43	1,07	4,46	64,80	3,00	7,00
2	2. автомат (a sub-machine gun)	53	1,72	3,3	--	2,76	2,21	1,56	3,64	56,00	3,00	7,00
2	3. автомобиль (a car)	60	1,04	2,7	--	4,72	1,7	1,11	3,04	156,90	4,00	9,00
1	4. акваланг (an aqualung)	44	1,97	3,17	420,00	2,24	3,38	1,31	3,75	1,90	3,00	8,00
1	5. аквариум (an aquarium)	99	0,08	3,36	296,00	3,97	2,20	1,16	4,00	8,30	4,00	8,00
1	6. акула (a shark)	100	0,00	3,25	345,00	2,77	2,06	1,06	4,56	9,30	3,00	5,00
1	7. ананас (a pineapple)	99	0,08	2,89	388,00	4,25	2,51	1,08	4,73	3,60	3,00	6,00
1	8. антенна (an antenna)	99	0,08	2,23	173,00	3,68	2,32	1,25	3,89	8,50	3,00	6,00
1	9. апельсин (an orange)	50	1,86	2,88	343,00	4,43	1,38	1,03	3,75	7,60	3,00	7,00
2	10. аптека (a pharmacy)	86	0,87	3,41	--	4,49	1,9	1,18	3,99	15,10	3,00	6,00
2	11. арбуз (a watermelon)	56	1,06	2,43	--	4,38	1,43	1,02	4,65	9,10	2,00	5,00
2	12. арка (an arch)	91	0,59	2,84	--	3,9	2,73	1,2	3,65	12,90	2,00	4,00
1	13. арфа (a harp)	99	0,08	2,93	546,00	3,29	3,00	1,57	4,36	2,60	2,00	4,00
2	14. баба-яга (Baba-Yaga)	67	1,57	4,05	--	3,33	1,33	1,19	4,32	2,50	4,00	8,00
1	15. бабочка (a butterfly)	97	0,22	3,28	398,00	4,33	1,27	1,07	4,79	21,30	3,00	7,00
2	16. бабушка (a grandmother)	84	0,92	3,36	--	4,62	1,05	1,11	3,76	101,80	3,00	7,00
1	17. багажник (a trunk)	93	0,54	3,36	538,00	4,10	2,51	1,49	3,91	10,30	3,00	8,00
1	18. балалайка (a balalaika)	97	0,24	2,45	283,00	3,30	2,10	1,09	4,57	2,60	4,00	9,00
2	19. балкон (a balcony)	90	0,52	3,59	--	4,54	1,78	1,2	3,54	28,20	2,00	6,00
1	20. банан (a banana)	100	0,00	2,46	343,00	4,71	2,08	1,00	4,59	7,30	2,00	5,00
1	21. банка (a jar)	99	0,08	1,66	243,00	4,45	1,53	1,10	4,47	49,00	2,00	5,00
1	22. бант (a bow)	89	0,65	3,13	432,00	3,86	1,45	1,07	3,08	5,20	1,00	4,00
1	23. барабан (a drum)	98	0,16	2,55	382,00	3,57	1,58	1,11	4,49	15,70	3,00	7,00
1	24. баран (a ram)	79	0,91	2,94	340,00	3,47	1,73	1,18	4,00	8,90	2,00	5,00
2	25. бассейн (a pool)	73	1,47	3,54	--	3,49	2,12	1,15	3,37	33,40	2,00	6,00
2	26. батарея (a radiator)	80	0,84	3,01	--	4,52	1,84	1,08	4,82	28,70	4,00	8,00
2	27. башня (a tower)	93	0,43	3,14	--	3,31	2,11	1,32	4,26	39,40	2,00	5,00
1	28. бегемот (a hippopotamus)	81	0,84	2,74	433,00	3,15	1,62	1,15	4,13	3,00	3,00	7,00
1	29. белка (a squirrel)	99	0,08	3,19	270,00	3,71	1,58	1,04	4,71	11,60	2,00	5,00
2	30. береза (a birch)	78	0,97	2,31	--	4,43	1,52	1,05	3,19	20,30	3,00	6,00
1	31. билет (a ticket)	72	1,26	3,28	494,00	3,91	2,00	1,21	2,55	75,40	2,00	5,00
1	32. бинокль (binoculars)	100	0,00	3,04	414,00	3,48	2,32	1,12	4,59	10,60	2,00	6,00
2	33. бита (a batt)	95	0,36	2,4	--	3,13	3,65	1,43	4,67	1,30	2,00	4,00
2	34. блины (pancakes)	96	0,32	3,68	--	4,58	1,37	1,03	4,82	12,80	2,00	5,00
2	35. блокнот (a notebook)	97	0,22	2,99	--	4,57	2,26	1,12	4,52	12,80	2,00	7,00
2	36. бобер (a beaver)	73	1	3,31	--	2,84	2,16	1,37	3,23	2,60	2,00	5,00
1	37. бокал (1) (a wineglass)	85	0,79	1,76	280,00	4,19	2,41	1,15	3,85	26,10	2,00	5,00
1	38. боксер (a boxer)	96	0,30	2,99	417,00	3,55	2,56	1,34	3,93	5,30	2,00	6,00
2	39. больной (a patient)	63	2,16	3,38	--	3,36	1,53	1,56	2,97	93,40	2,00	6,00
2	40. ботинки (boots)	86	0,85	2,71	--	4,68	1,33	1,09	4,24	39,10	3,00	7,00
2	41. ботинок (a boot)	68	1,25	2,84	--	4,28	1,28	1,06	4,02	39,10	3,00	7,00
1	42. бочка (a barrel)	95	0,29	2,85	451,00	3,42	1,80	1,07	4,17	26,60	2,00	5,00
1	43. браслет (a bracelet)	85	1,02	3,54	386,00	3,96	2,12	1,22	3,32	6,70	2,00	7,00
1	44. бритва (1) (a razor)	69	1,37	2,63	265,00	3,38	2,33	1,30	1,97	8,20	2,00	6,00
1	45. брюки (trousers)	85	0,66	2,06	271,00	4,87	1,81	1,17	4,50	37,20	2,00	5,00
1	46. бубен (a tambourine)	97	0,24	2,32	267,00	3,48	2,19	1,34	4,36	2,90	2,00	5,00
1	47. будка (a doghouse)	55	0,99	2,73	505,00	3,03	1,90	1,22	4,27	15,60	2,00	5,00
1	48. букет (a flower bouquet)	81	0,94	3,30	495,00	4,53	1,84	1,18	3,78	20,50	2,00	5,00
1	49. булавка (a pin)	98	0,16	2,36	115,00	4,23	2,10	1,09	4,59	4,90	3,00	7,00
1	50. буратино (a pinocchio)	86	0,83	3,72	373,00	3,87	1,62	1,12	4,35	2,10	4,00	8,00
1	51. бусы (a necklace)	68	1,23	3,03	323,00	3,90	1,61	1,06	3,75	4,30	2,00	4,00
1	52. бутерброд (1) (a sandwich)	98	0,16	2,88	377,00	4,81	1,78	1,11	3,52	14,40	3,00	9,00
1	53. бутылка (a bottle)	95	0,40	1,68	130,00	4,74	1,54	1,11	4,23	117,10	3,00	7,00
1	54. бык (a bull)	91	0,55	3,29	454,00	2,91	1,78	1,10	4,49	22,20	1,00	3,00
2	55. бюст (a bust)	72	1,32	3,2	--	3,41	3,08	1,45	3,83	7,40	1,00	4,00
1	56. ваза (a vase)	96	0,32	3,06	331,00	4,29	1,58	1,14	2,88	14,30	2,00	4,00
1	57. вампир (a vampire)	71	1,92	3,39	410,00	2,90	3,39	1,74	2,93	4,00	2,00	6,00
2	58. ванна (a bath)	74	1,22	2,6	--	4,84	1,23	1,05	3,47	22,00	2,00	4,00
2	59. ванная (a bathroom)	79	1,3	3,09	--	4,88	1,44	1,11	3,4	26,20	3,00	6,00
1	60. варежка (a mitten)	92	0,48	2,90	411,00	4,45	1,20	1,07	4,13	4,20	3,00	7,00
2	61. варенье (jam)	48	2,08	2,74	--	4,24	1,41	1,15	4,28	12,90	3,00	7,00
2	62. ведро (a bucket)	98	0,16	2,46	--	4,12	1,32	1,05	4,12	34,10	2,00	5,00
2	63. ведьма (a witch)	75	1,16	3,43	--	3,35	2	1,32	2,96	12,10	2,00	5,00
1	64. веер (a fan)	99	0,08	2,73	527,00	3,82	2,28	1,12	4,48	6,60	2,00	5,00
1	65. велосипед (1) (a bicycle)	100	0,00	3,55	429,00	4,52	1,66	1,10	4,24	23,10	4,00	9,00
1	66. веник (a broom)	93	0,45	2,77	322,00	4,41	1,55	1,06	4,67	7,70	2,00	5,00
1	67. венок (a wreath)	100	0,00	3,85	400,00	3,27	2,10	1,14	3,91	9,10	2,00	5,00
2	68. веранда (a terrace)	51	1,55	3,98	--	3,72	2,43	1,73	3,26	13,50	3,00	7,00
1	69. верблюд (a camel)	99	0,08	3,49	543,00	3,19	1,92	1,09	4,72	11,20	2,00	7,00
2	70. веревка (a rope)	86	0,92	3,32	--	3,89	1,6	1,13	4,26	31,80	3,00	7,00
1	71. вертолет (a helicopter)	99	0,08	3,27	333,00	3,55	2,01	1,15	3,93	38,70	3,00	8,00
2	72. весло (an oar)	80	1,14	2,96	--	2,62	2,25	1,11	3,99	9,90	2,00	5,00
2	73. весы (a weighing scale)	100	0	3,24	--	3,67	2,06	1,16	3,18	14,20	2,00	4,00
2	74. ветка (a branch)	91	0,48	2,46	--	4,53	1,36	1,08	4,56	39,70	2,00	5,00
1	75. вешалка (a clothes hanger)	75	0,87	1,97	215,00	4,87	1,82	1,27	3,96	8,80	3,00	7,00
2	76. вилка (a fork)	100	0	2,33	--	4,85	1,21	1,01	4,51	16,00	2,00	5,00
1	77. вино (wine)	77	1,31	3,18	376,00	4,19	2,47	1,29	3,90	80,90	2,00	4,00
1	78. виноград (grapes)	88	0,73	3,46	390,00	4,15	1,81	1,05	4,09	10,40	3,00	8,00
2	79. вишня (a cherry)	78	1,27	2,16	--	4,56	1,61	1,02	3,82	7,50	2,00	5,00
2	80. водитель (a driver)	67	1,56	2,9	--	4,06	1,91	1,29	3,08	65,90	3,00	7,00
2	81. водолаз (a diver)	39	2,29	3,41	--	2,29	2,68	1,36	3,6	3,50	3,00	7,00
2	82. водопад (a waterfall)	99	0,08	3,55	--	3,27	2,46	1,16	4,28	7,30	3,00	7,00
2	83. волк (a wolf)	77	1,39	2,53	--	3,71	1,2	1,18	2,7	36,10	1,00	4,00
1	84. волосы (hair)	57	1,76	3,21	536,00	4,49	1,23	1,20	3,31	141,80	3,00	6,00
2	85. ворона (a crow)	51	1,9	3,39	--	3,93	1,29	1,05	4,1	12,60	3,00	6,00
1	86. воротник (a collar)	79	1,18	3,44	440,00	3,40	1,99	1,26	2,43	17,70	3,00	8,00
2	87. врач (a doctor)	77	1,06	2,96	--	4,11	1,49	1,18	4,01	173,10	1,00	4,00
2	88. выключатель (a switch)	89	0,79	2,62	--	4,65	1,64	1,09	3,88	5,10	4,00	10,00
1	89. вымя (an udder)	98	0,16	2,57	244,00	2,68	2,53	1,33	4,36	1,70	2,00	4,00
1	90. газета (1) (a newspaper)	100	0,00	3,15	368,00	4,49	1,72	1,05	4,09	237,50	3,00	6,00
2	91. гайка (a nut)	81	1,16	2,44	--	3,19	2,41	1,23	4,64	5,20	2,00	5,00
1	92. галстук (a tie)	98	0,14	2,44	308,00	3,84	2,42	1,11	4,31	28,00	2,00	7,00
2	93. гантеля (a dumbbell)	71	1,28	2,06	--	3,87	2,51	1,25	4,53	1,30	3,00	7,00
1	94. гвоздь (a nail)	98	0,16	2,24	99,10	4,22	1,81	1,03	4,82	24,20	1,00	5,00
1	95. гиря (a kettlebell)	92	0,48	1,99	332,00	3,42	2,39	1,19	3,88	4,40	2,00	4,00
2	96. гитара (a guitar)	100	0	2,67	--	4,06	1,98	1,1	4,61	22,20	3,00	6,00
1	97. глаз (1) (an eye)	95	0,35	2,50	265,00	4,93	1,13	1,10	4,01	857,60	1,00	4,00
1	98. глобус (a globe)	100	0,00	3,05	403,00	4,07	2,48	1,12	4,96	5,50	2,00	6,00
1	99. гном (a dwarf)	94	0,40	3,73	648,00	3,30	1,87	1,20	3,98	5,00	1,00	4,00
1	100. голова (a head)	68	1,84	2,01	343,00	4,16	1,14	1,14	3,69	709,40	3,00	6,00
1	101. голубь (a pigeon)	91	0,57	3,28	408,00	4,50	1,46	1,06	3,67	13,70	2,00	5,00
1	102. гора (a mountain)	86	0,88	2,83	444,00	3,78	1,67	1,05	3,73	115,50	2,00	4,00
1	103. горох (peas)	88	0,67	2,91	415,00	4,20	1,66	1,13	4,59	6,40	2,00	5,00
2	104. грабли (a rake)	100	0	2,39	--	3,64	1,89	1,09	4,93	3,70	2,00	6,00
2	105. гранат (a pomegranate)	99	0,08	3,76	--	4,15	2,34	1,16	4,5	2,50	2,00	6,00
2	106. грибы (mushrooms)	93	0,45	2,12	--	4,34	1,53	1,13	3,88	38,30	2,00	5,00
1	107. гроб (a coffin)	100	0,00	2,58	265,00	3,49	2,43	1,23	4,27	50,00	1,00	4,00
1	108. грудь (a breast)	83	1,07	2,31	352,00	4,74	2,10	1,10	3,79	138,80	1,00	4,00
1	109. грузовик (a lorry)	87	0,82	3,03	425,00	4,09	1,58	1,09	3,92	30,60	3,00	8,00
2	110. груша (a pear)	100	0	1,99	--	4,47	1,3	1,01	4,78	10,60	2,00	5,00
2	111. гусеница (a caterpillar)	98	0,16	3,73	--	3,39	1,57	1,12	4,25	10,60	4,00	8,00
1	112. дверь (a door)	93	0,48	3,11	559,00	4,78	1,19	1,04	3,82	450,80	1,00	4,00
2	113. двигатель (an engine)	55	2,24	4,28	--	2,43	2,93	2,15	4,11	67,00	3,00	8,00
2	114. дворник (a yard-keeper)	95	0,4	3,25	--	3,92	1,99	1,24	4,38	13,20	2,00	7,00
2	115. девочка (a girl)	90	0,67	2,56	--	4,43	1,07	1,04	3,85	185,10	3,00	7,00
2	116. дельфин (a dolphin)	94	0,46	3,21	--	3,43	2,01	1,09	4,27	7,60	2,00	6,00
2	117. деньги (money)	64	1,5	3,43	--	4,71	1,69	1,17	3,78	512,40	2,00	5,00
2	118. дерево (1) (a tree)	90	0,75	2,66	--	4,61	1,1	1,05	3,91	171,90	3,00	6,00
2	119. дерево (2) (a tree)	91	0,62	3,4	--	4,72	1,05	1,01	4,17	171,90	3,00	6,00
1	120. джинн (a jinn)	96	0,27	3,71	491,00	2,82	2,37	1,52	3,52	3,10	1,00	4,00
1	121. джинсы (jeans)	57	1,42	2,99	398,00	4,87	2,95	1,13	3,83	19,40	2,00	6,00
1	122. диван (a sofa)	98	0,14	2,82	476,00	4,84	1,45	1,13	4,20	60,10	2,00	5,00
2	123. динамит (a dynamite)	68	1,67	2,62	--	2,41	3,11	1,83	4,15	1,60	3,00	7,00
1	124. диск (a disk)	85	1,04	2,94	260,00	4,55	3,28	1,35	3,54	26,30	1,00	4,00
1	125. дождь (rain)	83	1,25	2,85	625,00	4,68	1,20	1,21	3,67	83,20	1,00	4,00
1	126. дом (a house)	86	0,74	2,99	427,00	4,64	1,16	1,09	4,03	792,60	1,00	3,00
1	127. домино (dominoes)	99	0,08	2,30	328,00	3,99	2,24	1,25	4,34	3,40	3,00	6,00
1	128. дорога (a road)	80	1,06	3,06	500,00	4,85	1,31	1,10	3,57	330,10	3,00	6,00
1	129. дракон (a dragon)	95	0,38	3,53	602,00	3,35	2,16	1,44	3,27	16,60	2,00	6,00
2	130. дрель (a drill)	86	0,86	3,17	--	3,31	2,95	1,34	4,58	1,40	1,00	4,00
2	131. дуршлаг (a colander)	88	0,67	3,09	--	4,11	2,55	1,16	4,15	1,20	2,00	7,00
1	132. духи (perfume)	87	0,69	2,36	279,00	4,19	2,27	1,34	3,82	22,30	2,00	4,00
2	133. душ (a shower)	91	0,67	2,9	--	4,86	1,84	1,12	4,55	16,10	1,00	3,00
1	134. дятел (a woodpecker)	97	0,24	3,58	411,00	3,59	2,03	1,23	4,63	3,10	2,00	5,00
1	135. единорог (an unicorn)	95	0,38	3,96	574,00	2,93	2,92	1,18	4,30	1,20	4,00	9,00
1	136. еж (a hedgehog)	77	0,78	2,47	370,00	3,75	1,60	1,05	4,18	7,50	1,00	3,00
1	137. елка (a fir tree)	50	1,35	3,31	510,00	4,32	1,15	1,02	3,84	22,30	2,00	5,00
1	138. енот (a racoon)	95	0,36	3,15	463,00	3,19	2,51	1,56	3,45	0,90	2,00	5,00
2	139. ершик (a bottle brush)	33	3,47	2,59	--	3,26	2,77	1,3	3,44	0,40	2,00	6,00
1	140. жалюзи (a window blind)	97	0,22	2,84	432,00	4,19	4,12	1,36	4,36	2,10	3,00	6,00
1	141. жвачка (a chewing gum)	91	0,60	3,05	335,00	4,42	2,16	1,25	3,65	3,70	2,00	6,00
1	142. живот (a belly)	83	1,07	2,84	555,00	4,71	1,17	1,25	4,14	65,60	2,00	5,00
1	143. жилет (a waistcoat)	75	1,24	2,80	511,00	3,38	2,45	1,16	3,61	5,00	2,00	5,00
1	144. жираф (a giraffe)	98	0,16	3,11	406,00	3,65	1,65	1,13	4,39	2,60	2,00	5,00
2	145. жук (a beetle)	85	0,86	2,77	--	3,24	1,26	1,1	4,21	11,70	1,00	3,00
1	146. журнал (1) (a magazine)	99	0,08	3,08	418,00	4,38	2,20	1,22	3,92	162,00	2,00	6,00
1	147. завод (a factory)	78	1,37	3,56	687,00	3,56	2,45	1,65	3,31	164,00	2,00	5,00
2	148. зажигалка (a lighter)	98	0,14	3,03	--	3,86	2,86	1,14	3,69	10,70	4,00	9,00
2	149. заключенный (a prisoner)	81	1,08	2,65	--	2,2	3,11	1,5	3,55	26,40	4,00	10,00
1	150. замОк (a lock)	100	0,00	2,33	177,00	4,08	1,73	1,09	4,49	60,80	2,00	5,00
2	151. зАмок (1) (a fortress)	58	1,29	3,08	--	3,7	1,95	1,24	3,56	60,80	2,00	5,00
2	152. зАмок (2) (a castle)	80	1,25	3,4	--	3,37	1,75	1,13	4,13	60,80	2,00	5,00
1	153. звезда (a star)	100	0,00	2,07	276,00	4,01	1,54	1,08	3,86	122,70	2,00	6,00
1	154. зебра (a zebra)	99	0,08	2,90	463,00	3,69	1,70	1,05	4,65	1,90	2,00	5,00
1	155. зеркало (1) (a mirror)	95	0,40	2,85	420,00	4,15	1,33	1,15	1,87	70,50	3,00	7,00
2	156. зерно (grains)	33	2,94	3,36	--	3,6	1,98	1,28	3,08	30,30	2,00	5,00
2	157. змея (a snake)	94	0,43	3,39	--	3,03	1,59	1,06	4,27	20,50	2,00	5,00
1	158. золото (gold)	39	2,05	2,96	632,00	2,90	2,11	1,73	3,59	56,20	3,00	6,00
1	159. зонт (1) (an umbrella)	92	0,40	2,52	237,00	4,51	1,55	1,05	4,75	5,10	1,00	4,00
2	160. игла (a needle)	63	1,21	1,8	--	4,23	1,8	1,01	4,7	14,30	2,00	4,00
1	161. иероглиф (an hieroglyph)	93	0,51	2,91	255,00	2,96	3,28	1,37	4,00	4,80	4,00	9,00
2	162. икона (an icon)	97	0,24	2,97	--	3,76	2,44	1,17	4,39	36,20	3,00	5,00
2	163. икра (caviar)	31	3,86	3,15	--	3,49	2,1	1,24	4,15	15,50	2,00	4,00
2	164. иллюминатор (a porthole)	87	0,9	2,43	--	3,67	2,86	1,31	4,17	6,10	5,00	10,00
1	165. кабан (a boar)	89	0,62	3,51	453,00	2,90	2,38	1,49	4,45	5,30	2,00	5,00
2	166. кабинет (an office room)	70	1,37	3,74	--	3,96	2,25	1,47	3,18	148,50	3,00	7,00
2	167. казино (a casino)	83	1,25	4,18	--	2,68	3,61	1,8	3,77	11,70	3,00	6,00
1	168. кактус (a cactus)	98	0,16	2,73	249,00	4,47	2,15	1,12	4,03	4,60	2,00	6,00
1	169. календарь (a calendar)	96	0,32	2,32	318,00	4,30	2,16	1,45	3,28	15,00	3,00	8,00
2	170. камера (a prison cell)	84	0,87	3,22	--	2,35	2,67	1,49	2,06	67,90	3,00	6,00
1	171. камин (a fireplace)	95	0,32	3,57	390,00	3,65	2,84	1,44	3,54	11,20	2,00	5,00
1	172. камыш (scripus)	69	1,61	2,72	455,00	3,31	2,23	1,14	4,34	5,30	2,00	5,00
1	173. капля (a drop)	80	0,87	2,46	182,00	4,49	1,66	1,16	4,06	44,70	2,00	5,00
1	174. капсула (a capsule)	46	1,60	2,33	169,00	3,83	3,48	1,66	4,00	4,60	3,00	7,00
2	175. капуста (a cabbage)	88	0,86	2,78	--	4,05	1,46	1,13	3,39	21,70	3,00	7,00
1	176. карандаш (a pencil)	100	0,00	1,86	232,00	4,71	1,38	1,00	4,89	46,60	3,00	8,00
1	177. карета (a carriage)	100	0,00	3,76	357,00	2,66	1,95	1,12	4,43	9,40	3,00	6,00
1	178. карман (a pocket)	99	0,08	2,21	325,00	4,70	1,47	1,14	3,68	120,50	2,00	6,00
2	179. карта (a map)	99	0,08	2,95	--	4,1	2	1,09	4,3	103,00	2,00	5,00
2	180. картина (a picture)	76	1,1	2,82	--	4,16	1,58	1,23	4,11	183,90	3,00	7,00
1	181. картофель (potatoes)	65	1,13	1,86	347,00	4,73	1,60	1,07	3,88	12,30	3,00	8,00
1	182. каска (a helmet)	92	0,40	2,81	381,00	3,17	2,42	1,18	3,97	8,10	2,00	5,00
2	183. касса (a ticket office)	75	1,43	2,58	--	4,41	2,11	1,4	2,86	20,90	2,00	4,00
2	184. кассета (a cassette)	84	0,63	2,32	--	3,93	2,71	1,23	4,5	16,30	3,00	6,00
1	185. кастрюля (a saucepan)	100	0,00	2,34	403,00	4,84	1,48	1,03	4,56	15,90	3,00	8,00
2	186. катушка (a bobbin)	87	0,9	2,41	--	3,15	2,28	1,25	4,3	8,40	3,00	7,00
2	187. качели (a swing)	99	0,08	2,88	--	4,24	1,23	1,07	4,29	5,10	3,00	6,00
1	188. квадрат (a square)	98	0,16	1,23	213,00	4,50	1,65	1,00	4,95	16,90	2,00	7,00
1	189. кекс (a cupcake)	84	0,91	2,73	290,00	4,21	2,34	1,23	4,26	1,10	1,00	4,00
1	190. кенгуру (a kangaroo)	100	0,00	3,37	431,00	2,94	2,10	1,19	4,58	2,10	3,00	7,00
1	191. кепка (a baseball cap)	88	0,58	2,11	282,00	4,29	2,00	1,12	3,89	12,10	2,00	5,00
2	192. киви (a kiwi fruit)	99	0,08	3,98	--	4,18	3,46	1,09	4,53	0,80	2,00	4,00
2	193. киоск (a stall)	50	1,45	3,1	--	4,19	2,23	1,42	3,98	13,40	2,00	5,00
1	194. кисть (a brush)	63	1,02	2,53	242,00	4,27	2,03	1,20	4,24	26,10	1,00	4,00
1	195. кит (a whale)	95	0,32	2,91	251,00	3,36	1,69	1,13	4,12	10,70	1,00	3,00
2	196. клавиатура (a keyboard)	99	0,08	3,11	--	4,82	3,86	1,01	4,17	4,80	5,00	10,00
2	197. клетка (a cage)	97	0,22	3,84	--	2,86	1,93	1,19	3,38	109,60	2,00	6,00
1	198. клоун (a clown)	98	0,16	2,96	470,00	3,44	1,82	1,39	4,00	13,90	2,00	5,00
1	199. клубника (a strawberry)	88	0,72	2,34	272,00	4,56	1,47	1,03	4,57	4,50	3,00	8,00
1	200. клубок (1) (a clew)	95	0,35	2,82	383,00	3,96	1,76	1,04	4,81	6,80	2,00	6,00
2	201. клубок (2) (a clew)	52	1,98	2,54	--	3,31	1,76	1,03	4,45	6,80	2,00	6,00
1	202. клюв (a beak)	98	0,16	2,96	153,00	3,35	1,84	1,25	3,60	6,60	1,00	4,00
1	203. ключ (a key)	100	0,00	2,17	254,00	4,85	1,49	1,18	4,46	78,00	1,00	4,00
1	204. книга (a book)	95	0,40	2,55	245,00	4,88	1,26	1,05	4,42	413,90	2,00	5,00
2	205. кнопка (a drawing-pin)	96	0,32	1,85	--	3,63	2,01	1,19	3,04	33,00	2,00	6,00
1	206. кобра (a cobra)	71	0,99	3,78	566,00	2,90	2,56	1,20	4,71	2,70	2,00	5,00
1	207. кобура (a holster)	97	0,24	3,09	267,00	3,05	3,28	1,65	4,31	7,90	3,00	6,00
1	208. ковер (a carpet)	96	0,30	2,96	348,00	4,25	1,43	1,06	4,24	29,50	2,00	5,00
2	209. ковш (a ladle)	55	2,4	3,42	--	2,7	2,12	1,21	2,78	4,80	1,00	4,00
1	210. коготь (a claw)	95	0,32	2,03	143,00	3,68	2,02	1,27	3,89	8,30	2,00	5,00
2	211. коза (a she-goat)	79	0,74	2,68	--	3,33	1,29	1,03	4,73	16,20	2,00	4,00
2	212. козел (a he-goat)	85	1,08	2,65	--	3,12	1,46	1,08	3,93	19,50	2,00	5,00
1	213. коктейль (a cocktail)	84	1,00	2,72	156,00	3,75	3,25	1,53	3,40	8,60	2,00	6,00
2	214. колба (a flask)	61	1,99	2,34	--	2,73	3,43	1,2	3,03	3,10	2,00	5,00
1	215. колбаса (a wurst)	97	0,24	2,27	357,00	4,53	1,41	1,13	3,38	28,00	3,00	7,00
2	216. колдун (a sorcerer)	43	3,15	3,71	--	3,06	2,19	1,78	2,76	6,60	2,00	6,00
1	217. колено (1) (a knee)	73	1,54	1,74	141,00	4,64	1,41	1,08	3,59	102,80	3,00	6,00
2	218. колено (2) (a knee)	85	0,84	1,78	--	4,69	1,37	1,08	4,17	102,80	3,00	6,00
1	219. колесо (a wheel)	98	0,16	3,02	363,00	4,54	1,39	1,05	3,79	68,40	3,00	6,00
1	220. колодец (a well)	99	0,08	3,50	452,00	3,69	1,85	1,24	4,24	23,90	3,00	7,00
1	221. колокол (a bell)	99	0,08	3,40	409,00	3,44	2,13	1,12	4,11	15,80	3,00	7,00
1	222. колокольчик (a jingle bell)	90	0,57	2,68	262,00	3,25	1,64	1,03	3,32	9,40	4,00	10,00
2	223. колонна (a column)	94	0,4	2,85	--	3,4	2,81	1,27	4,44	41,60	3,00	6,00
1	224. кольцо (a ring)	89	0,50	2,85	339,00	4,21	1,72	1,05	4,10	59,50	2,00	5,00
1	225. коляска (a baby carriage)	98	0,16	3,34	536,00	4,11	1,30	1,25	4,45	16,80	3,00	7,00
2	226. комната (a room)	52	1,51	3,86	--	4,63	1,23	1,2	3,89	310,70	3,00	7,00
2	227. комод (a commode)	84	0,92	1,99	--	4,2	2,46	1,44	3,97	5,20	2,00	5,00
1	228. компас (a compass)	100	0,00	3,10	184,00	3,72	2,52	1,20	4,53	4,80	2,00	6,00
1	229. компьютер (a computer)	91	0,63	2,70	346,00	4,91	3,69	1,20	4,22	63,20	3,00	9,00
2	230. конверт (an envelope)	95	0,29	1,23	--	4,32	2,06	1,05	4,81	25,40	2,00	7,00
2	231. конструктор (construction set)	73	1	3,2	--	3,35	2	1,43	3,8	25,60	3,00	11,00
2	232. контролер (a ticket inspector)	52	2,22	3,41	--	3,86	2,72	1,81	3,4	5,90	3,00	9,00
1	233. конфета (a sweet)	99	0,08	2,52	298,00	4,81	1,12	1,00	4,61	19,60	3,00	7,00
2	234. коньки (skates)	99	0,08	3,12	--	3,65	2,2	1,04	4,72	12,00	2,00	5,00
1	235. копилка (a piggy bank)	99	0,08	2,71	231,00	3,69	2,25	1,28	4,49	2,20	3,00	7,00
2	236. копье (a spear)	91	0,57	2,54	--	2,59	2,47	1,12	4,44	10,00	2,00	5,00
1	237. корабль (a ship)	44	2,46	4,05	603,00	3,23	1,69	1,23	2,92	112,50	2,00	6,00
1	238. корень (a root)	58	1,33	2,91	487,00	3,95	2,05	1,50	3,91	63,70	2,00	5,00
1	239. корзина (a basket)	83	0,79	3,75	489,00	3,72	1,70	1,20	3,22	19,40	3,00	7,00
2	240. коридор (a corridor)	98	0,16	3,64	--	4,66	1,54	1,18	3,88	110,80	3,00	7,00
2	241. коробка (a box)	98	0,14	2,35	--	4,6	1,43	1,03	3,06	49,00	3,00	7,00
1	242. корова (a cow)	97	0,24	2,92	481,00	4,19	1,20	1,05	4,36	44,80	3,00	6,00
2	243. королева (a queen)	82	1	2,99	--	2,79	1,59	1,23	4,21	22,40	4,00	8,00
1	244. корона (a crown)	99	0,08	3,16	487,00	3,31	1,68	1,07	4,17	9,40	3,00	6,00
1	245. корсет (a corset)	100	0,00	2,74	402,00	3,30	3,64	1,33	4,68	1,90	2,00	6,00
2	246. корыто (a wash-tub)	92	0,59	2,27	--	2,71	1,95	1,51	4,58	6,40	3,00	6,00
2	247. коса (a scythe)	94	0,41	2,45	--	3,13	1,7	1,12	2,67	19,10	2,00	4,00
1	248. космонавт (an astronaut)	93	0,45	3,74	442,00	3,34	2,06	1,13	3,97	14,60	3,00	9,00
1	249. костер (a fire)	97	0,22	3,19	443,00	4,15	1,81	1,13	4,09	48,00	2,00	6,00
1	250. костыль (a crutch)	100	0,00	2,61	264,00	3,31	2,69	1,27	4,66	9,20	2,00	6,00
2	251. кость (a bone)	95	0,32	1,7	--	3,58	1,61	1,11	4,56	58,50	1,00	4,00
2	252. костюм (a costume)	97	0,24	2,47	--	4,38	2,08	1,26	4,27	81,30	2,00	6,00
1	253. кошелек (1) (a wallet)	47	1,59	2,99	171,00	4,59	1,95	1,12	3,30	11,40	3,00	7,00
1	254. кошка (a cat)	55	1,27	3,12	394,00	4,74	1,07	1,02	4,13	50,40	2,00	5,00
2	255. кощей (Koschei)	89	0,81	4,1	--	2,9	1,66	1,54	3,38	2,00	2,00	5,00
2	256. кран (a tap)	94	0,33	2,45	--	4,81	1,59	1,25	3,97	23,30	1,00	4,00
2	257. креветка (a shrimp)	64	1,48	3,28	--	3,41	3,72	1,36	4,55	3,70	3,00	8,00
1	258. крендель (a pretzel)	47	2,36	2,34	375,00	3,49	2,74	1,27	4,48	1,60	2,00	7,00
2	259. кресло (a seat)	76	0,8	2,91	--	4,38	1,51	1,06	3,55	93,60	2,00	6,00
1	260. крест (a cross)	89	0,55	2,09	288,00	3,86	1,73	1,08	3,57	56,40	1,00	5,00
1	261. кровать (a bed)	96	0,27	2,80	437,00	4,88	1,24	1,13	4,16	88,40	2,00	6,00
1	262. крокодил (a crocodile)	92	0,49	4,12	767,00	3,08	1,56	1,06	4,48	10,70	3,00	8,00
2	263. кролик (a rabbit)	53	1,07	2,34	--	3,48	1,55	1,11	4,26	11,90	2,00	6,00
1	264. кроссворд (a crossword)	98	0,16	2,89	591,00	4,20	2,63	1,12	4,79	2,70	2,00	8,00
1	265. крот (a mole)	89	0,71	3,23	437,00	2,77	1,97	1,51	3,12	6,00	1,00	4,00
1	266. круг (a circle)	75	0,93	1,18	201,00	4,60	1,42	1,04	4,73	157,40	1,00	4,00
1	267. кружка (a mug)	90	0,47	2,58	500,00	4,62	1,35	1,04	4,21	26,40	2,00	6,00
1	268. крыло (a wing)	98	0,16	3,37	511,00	3,84	1,64	1,24	4,05	67,60	2,00	5,00
2	269. крыса (a rat)	72	1,08	3,15	--	3,33	1,77	1,12	4,23	17,70	2,00	5,00
1	270. крыша (a roof)	87	0,60	3,60	569,00	4,13	1,46	1,09	4,28	85,00	2,00	5,00
2	271. крышка (a lid)	83	1,12	2,76	--	4,24	1,64	1,21	3,31	30,90	2,00	6,00
2	272. крючок (a hook)	87	0,61	1,9	--	3,02	1,85	1,14	3,81	17,70	2,00	6,00
1	273. куб (a cube)	99	0,08	1,25	237,00	4,27	2,34	1,09	4,86	5,70	1,00	3,00
2	274. кубики (cubes)	97	0,24	2,56	--	3,51	1,11	1,04	4,44	9,90	3,00	6,00
1	275. кувшин (a jug)	94	0,40	2,00	290,00	4,29	1,98	1,21	4,29	6,80	2,00	6,00
1	276. кузнечик (a grasshopper)	62	1,95	3,93	314,00	3,56	1,63	1,35	3,27	4,80	3,00	8,00
1	277. кукла (a doll)	80	0,83	3,22	349,00	4,02	1,11	1,05	3,50	25,30	2,00	5,00
1	278. кукуруза (an ear of corn)	77	0,95	3,30	388,00	4,18	1,91	1,14	4,38	6,80	4,00	8,00
1	279. кулак (a fist)	96	0,27	3,08	392,00	4,41	1,56	1,09	4,55	62,50	2,00	5,00
2	280. купальник (a swimsuit)	71	1,24	2,7	--	4,35	2,16	1,17	3,95	4,00	3,00	8,00
1	281. курица (a chicken)	98	0,16	3,33	419,00	4,03	1,38	1,06	4,75	33,10	3,00	6,00
2	282. куртка (a jacket)	69	1,47	3,09	--	4,29	1,55	1,07	3,83	41,00	2,00	6,00
2	283. кухня (a kitchen)	95	0,38	2,96	--	4,82	1,3	1,09	3,75	120,10	2,00	5,00
2	284. лаборатория (a laboratory)	52	1,92	3,48	--	3,23	3,23	1,71	3,24	52,20	6,00	12,00
2	285. ладонь (a palm of the hand)	83	0,92	2,77	--	4,83	1,34	1,02	4,72	92,70	2,00	5,00
1	286. лампа (1) (a lamp)	95	0,35	3,13	325,00	4,65	1,46	1,12	3,63	34,00	2,00	5,00
2	287. лампа (2) (a lamp)	43	1,66	2,22	--	4,47	1,53	1,27	2,63	34,00	2,00	5,00
2	288. лампочка (a light bulb)	83	0,8	3,09	--	4,75	1,5	1,01	4,91	21,70	3,00	8,00
2	289. ландыш (a lily of the valley)	74	1,36	3,28	--	3,58	2,18	1,43	4,53	2,90	2,00	6,00
1	290. ластик (an eraser)	85	0,90	2,48	286,00	4,31	2,32	1,12	4,44	0,90	2,00	6,00
1	291. лебедь (a swan)	98	0,14	3,06	374,00	3,77	1,78	1,25	4,22	14,90	2,00	5,00
2	292. лев (a lion)	98	0,14	2,66	--	3,51	1,2	1,05	3,63	64,30	1,00	3,00
1	293. лейка (a watering-can)	100	0,00	2,50	379,00	3,95	1,59	1,05	4,39	1,30	2,00	5,00
1	294. леопард (a leopard)	64	1,91	3,23	432,00	3,22	2,24	1,24	4,16	2,10	3,00	7,00
2	295. лес (a forest)	89	0,84	2,65	--	4,12	1,24	1,06	3,58	211,50	1,00	3,00
2	296. лестница (stairs)	96	0,32	2,71	--	4,84	1,33	1,1	3,86	83,10	3,00	7,00
1	297. лимон (a lemon)	92	0,49	2,69	395,00	4,58	1,81	1,00	4,11	11,70	2,00	5,00
1	298. линейка (a ruler)	100	0,00	2,31	262,00	4,58	2,09	1,05	4,91	8,60	3,00	7,00
1	299. лиса (a fox)	78	1,17	2,79	448,00	3,65	1,32	1,19	4,00	8,70	2,00	4,00
1	300. лицо (a face)	57	1,48	2,83	289,00	4,82	1,25	1,56	3,13	878,00	2,00	4,00
1	301. лоб (a forehead)	81	0,96	2,04	253,00	4,89	1,37	1,28	3,92	78,70	1,00	3,00
1	302. лодка (a boat)	97	0,22	3,43	439,00	3,60	1,69	1,04	4,46	62,90	2,00	5,00
2	303. ложка (a spoon)	95	0,4	1,63	--	4,84	1,07	1,01	4,38	40,50	2,00	5,00
1	304. локоть (an elbow)	98	0,16	2,09	266,00	4,60	1,52	1,13	4,57	40,20	2,00	5,00
1	305. лопата (a shovel)	100	0,00	2,28	289,00	4,23	1,45	1,03	4,80	19,50	3,00	6,00
1	306. лось (an elk)	97	0,19	2,99	265,00	3,18	2,16	1,19	4,12	6,50	1,00	3,00
2	307. лошадь (a horse)	78	1,01	2,91	--	3,55	1,2	1,04	4,11	80,90	2,00	5,00
2	308. лужа (a puddle)	90	0,52	1,65	--	4,7	1,13	1,08	4,24	22,20	2,00	4,00
2	309. лыжи (skis)	98	0,16	2,47	--	3,9	1,85	1,09	4,22	18,30	2,00	4,00
1	310. люстра (a chandelier)	97	0,24	2,97	321,00	4,68	1,83	1,21	4,09	9,90	2,00	6,00
1	311. лягушка (a frog)	74	0,83	3,04	368,00	3,77	1,31	1,06	4,22	10,50	3,00	7,00
1	312. магнитофон (a tape recorder)	88	0,82	3,51	323,00	3,28	2,56	1,27	3,21	14,30	4,00	10,00
1	313. майка (a tank top)	97	0,24	1,84	295,00	4,65	1,47	1,07	4,62	15,20	2,00	5,00
1	314. малина (raspberries)	61	1,83	3,36	389,00	4,27	1,41	1,07	3,77	7,20	3,00	6,00
1	315. маска (a mask)	94	0,37	2,17	200,00	3,94	1,95	1,21	3,23	34,30	2,00	5,00
1	316. масло (butter)	40	3,34	3,07	352,00	3,74	1,43	1,29	3,97	73,00	2,00	5,00
2	317. матрас (a mattress)	58	1,47	3,34	--	4,21	1,93	1,16	3,57	8,00	2,00	6,00
2	318. матрос (a sailor)	55	1,15	2,61	--	2,71	2,21	1,22	4,26	22,10	2,00	6,00
1	319. маяк (a lighthouse)	100	0,00	2,42	386,00	3,21	2,54	1,17	3,90	8,50	2,00	5,00
2	320. медведь (a bear)	94	0,42	2,52	--	3,39	1,18	1,05	3,96	33,40	2,00	6,00
2	321. медсестра (a nurse)	93	0,48	2,76	--	3,91	2,01	1,2	4,03	16,10	3,00	9,00
2	322. мельница (a mill)	100	0	3,57	--	2,73	2,32	1,26	4,48	10,50	3,00	7,00
1	323. месяц (a moon)	53	1,96	1,55	533,00	4,67	1,66	2,01	3,37	328,00	2,00	5,00
1	324. метла (a broom)	100	0,00	2,56	302,00	3,88	1,73	1,08	4,70	6,70	2,00	5,00
1	325. меч (a sword)	96	0,28	2,11	227,00	3,57	2,04	1,04	4,87	33,30	1,00	3,00
1	326. мешок (a sack)	97	0,24	2,05	298,00	3,51	1,68	1,13	4,34	61,10	2,00	5,00
1	327. микроскоп (a microscope)	99	0,08	3,42	326,00	3,69	3,03	1,24	4,76	6,00	3,00	9,00
1	328. микрофон (a microphone)	100	0,00	3,25	315,00	3,87	2,65	1,04	4,67	16,30	3,00	8,00
1	329. миксер (a mixer)	94	0,46	3,03	329,00	4,17	2,88	1,36	4,21	0,60	2,00	6,00
1	330. миска (a bowl)	63	1,41	1,83	336,00	4,57	1,65	1,09	3,91	12,10	2,00	5,00
1	331. мозг (a brain)	97	0,22	3,63	500,00	4,28	2,72	1,15	4,21	84,50	1,00	4,00
1	332. молоко (milk)	75	1,37	2,87	352,00	4,71	1,14	1,25	3,54	57,40	3,00	6,00
1	333. молоток (a hammer)	99	0,08	2,77	295,00	4,28	1,62	1,04	4,68	12,40	3,00	7,00
1	334. мольберт (an easel)	97	0,24	2,67	445,00	2,92	3,32	1,22	4,28	2,30	2,00	7,00
1	335. морж (a walrus)	93	0,45	3,35	533,00	2,82	2,31	1,36	4,04	2,60	1,00	4,00
1	336. морковь (a carrot)	73	1,10	2,34	271,00	4,62	1,33	1,01	4,71	8,80	2,00	6,00
2	337. мост (a bridge)	94	0,48	2,83	--	3,87	1,67	1,04	2,86	65,40	1,00	4,00
1	338. мотоцикл (a motor-cycle)	98	0,16	4,14	459,00	3,66	2,05	1,24	4,07	18,40	3,00	8,00
2	339. мочалка (a loofah)	86	0,96	3,12	--	4,02	1,65	1,19	3,58	2,20	3,00	7,00
1	340. муравей (an ant)	100	0,00	3,43	271,00	4,18	1,41	1,13	4,68	12,10	3,00	7,00
1	341. мусорка (a trash can)	48	2,18	1,98	246,00	4,36	2,06	1,29	2,97	0,00	3,00	7,00
1	342. муха (a fly)	93	0,49	3,61	272,00	4,36	1,39	1,10	3,91	27,10	2,00	4,00
1	343. мышь (a mouse)	64	1,01	3,06	269,00	3,59	1,30	1,03	4,40	37,00	1,00	3,00
1	344. мяч (a ball)	100	0,00	2,14	360,00	4,14	1,12	1,01	3,74	26,40	1,00	3,00
1	345. намордник (a muzzle)	97	0,22	3,16	371,00	3,35	2,62	1,36	3,42	2,00	3,00	9,00
1	346. наперсток (a thimble)	95	0,33	3,37	167,00	3,38	2,36	1,13	4,90	1,50	3,00	9,00
1	347. наручники (handcuffs)	99	0,08	2,71	275,00	3,01	2,82	1,12	4,65	7,20	4,00	9,00
1	348. наушники (earphones)	99	0,08	3,51	305,00	4,77	2,93	1,22	4,15	4,90	4,00	8,00
2	349. невеста (a bride)	99	0,08	2,64	--	3,53	1,87	1,16	4,06	31,70	3,00	7,00
1	350. нога (a leg)	94	0,43	2,61	191,00	4,80	1,14	1,04	4,40	459,20	2,00	4,00
1	351. нож (a knife)	98	0,16	1,91	219,00	4,79	1,31	1,02	4,84	66,60	1,00	3,00
1	352. ножницы (scissors)	100	0,00	2,31	285,00	4,70	1,56	1,01	4,62	8,70	3,00	7,00
2	353. нора (a hole)	66	2,14	3,12	--	3	1,97	1,44	3,91	13,10	2,00	4,00
1	354. нос (a nose)	99	0,08	2,04	131,00	4,79	1,08	1,04	4,32	138,80	1,00	3,00
1	355. носилки (a tub with handles)	88	0,80	2,87	363,00	2,89	2,94	1,43	2,61	8,30	3,00	7,00
1	356. носок (a sock)	100	0,00	2,18	221,00	4,82	1,22	1,08	4,46	25,20	2,00	5,00
1	357. носорог (a rhinoceros)	99	0,08	3,19	475,00	3,24	2,09	1,28	4,82	2,10	3,00	7,00
1	358. нота (a note)	92	0,60	1,67	230,00	3,63	2,36	1,27	4,81	23,60	2,00	4,00
2	359. ноты (notes)	93	0,51	2,77	--	3,58	2,29	1,16	4,51	23,60	2,00	4,00
1	360. ноутбук (a laptop)	93	0,46	2,84	167,00	4,84	4,52	1,11	4,56	3,00	3,00	7,00
1	361. ночь (a night)	46	2,29	2,73	434,00	4,68	1,15	1,31	3,05	402,80	1,00	3,00
1	362. обезьяна (a monkey)	67	1,53	3,34	399,00	3,58	1,60	1,21	3,89	17,40	4,00	8,00
2	363. ободок (a band)	80	1,03	2,55	--	3,81	2,6	1,54	3,69	1,80	3,00	6,00
2	364. овал (an oval)	66	2,08	1,13	--	3,91	2,21	1,07	4,59	4,40	2,00	4,00
2	365. овца (a sheep)	39	2,1	2,63	--	3,15	1,55	1,08	3,88	17,50	2,00	4,00
1	366. огурец (a cucumber)	95	0,38	2,37	374,00	4,63	1,20	1,03	3,73	18,90	3,00	6,00
1	367. одеяло (a blanket)	65	1,76	2,65	483,00	4,66	1,26	1,11	3,38	38,80	4,00	7,00
1	368. одуванчик (a dandelion)	97	0,24	3,43	250,00	4,47	1,44	1,11	4,14	4,50	4,00	9,00
1	369. ожерелье (a necklace)	42	1,90	3,66	159,00	3,68	2,69	1,52	3,68	3,30	4,00	8,00
2	370. озеро (a lake)	73	1,52	3,39	--	4,15	1,75	1,13	3,93	54,90	3,00	5,00
1	371. окно (a window)	91	0,65	2,48	282,00	4,74	1,18	1,06	2,84	280,80	2,00	4,00
1	372. окорок (ham)	43	2,78	2,56	398,00	3,49	3,03	1,64	3,36	2,20	3,00	6,00
2	373. олень (a deer)	92	0,49	2,72	--	3,08	1,66	1,16	4,3	15,60	2,00	4,00
2	374. операционная (an operating room)	51	2,51	3,31	--	3,11	3,27	1,64	4,11	0,60	7,00	12,00
2	375. орден (a military medal)	74	1,23	2,51	--	3,22	2,76	1,36	3,94	42,20	2,00	5,00
1	376. орех (a nut)	90	0,52	2,64	332,00	4,37	1,60	1,28	3,48	15,70	2,00	4,00
1	377. оркестр (an orchestra)	95	0,32	4,07	586,00	3,78	2,76	1,71	4,18	44,20	2,00	7,00
1	378. осел (a donkey)	77	1,16	2,96	462,00	3,30	1,67	1,22	3,93	7,50	2,00	4,00
2	379. остров (an island)	91	0,68	2,22	--	3,2	2,01	1,23	4,22	95,70	2,00	6,00
2	380. осьминог (an octopus)	96	0,3	3,3	--	2,85	2,46	1,15	4,37	1,70	3,00	7,00
2	381. отвертка (a screwdriver)	93	0,52	2,46	--	3,71	2,32	1,1	4,52	2,40	3,00	8,00
2	382. открывашка (a bottle-opener)	61	1,72	2,66	--	4	2,57	1,28	4,53	0,00	4,00	10,00
1	383. открытка (a post card)	77	1,47	2,79	410,00	4,17	1,93	1,21	3,61	18,90	3,00	8,00
2	384. официант (a waiter)	100	0	3,28	--	4,15	2,81	1,28	4,24	20,70	4,00	8,00
2	385. официантка (a waitress)	82	1,1	2,66	--	3,89	2,96	1,34	3,81	10,00	5,00	10,00
2	386. охотник (a hunter)	97	0,22	3,32	--	3,11	1,87	1,46	3,8	26,90	3,00	7,00
1	387. очки (1) (glasses)	100	0,00	2,39	328,00	4,54	1,56	1,02	4,16	56,00	2,00	4,00
1	388. павлин (a peacock)	94	0,44	3,59	443,00	3,49	2,04	1,13	4,14	2,40	2,00	6,00
1	389. пазл (a jigsaw)	64	1,44	2,20	307,00	4,06	2,83	1,18	4,58	0,00	1,00	4,00
2	390. пакет (a packet)	87	0,61	1,75	--	4,62	2	1,17	2,66	65,80	2,00	5,00
1	391. палец (a finger)	92	0,55	2,52	205,00	4,89	1,13	1,04	4,62	219,10	2,00	5,00
1	392. палитра (a palette)	86	0,87	1,80	284,00	3,18	2,76	1,20	4,45	3,50	3,00	7,00
2	393. палуба (a deck)	53	2,77	3,33	--	2,6	2,79	1,57	3,56	20,40	3,00	6,00
1	394. пальма (a palm)	99	0,08	2,86	362,00	3,01	2,12	1,04	4,07	14,30	2,00	5,00
1	395. пальто (a coat)	82	1,09	2,52	463,00	4,27	1,74	1,29	4,01	48,60	2,00	5,00
2	396. папка (a folder)	90	0,6	2,33	--	4,1	2,9	1,2	3,41	29,70	2,00	5,00
1	397. парашют (a parachute)	91	0,68	2,35	163,00	3,30	2,41	1,14	4,47	9,90	3,00	7,00
2	398. паром (a ferry)	55	2,53	3,5	--	2,93	3,08	1,79	3,58	4,40	2,00	5,00
2	399. парусник (a sailing boat)	51	1,54	3	--	2,96	2,73	1,3	4,12	2,80	3,00	8,00
2	400. пастух (a herdsman)	27	3,6	3,19	--	2,16	2,17	1,48	2,67	9,60	2,00	6,00
1	401. паук (a spider)	97	0,24	3,46	325,00	3,77	1,50	1,11	3,64	9,90	2,00	4,00
1	402. паутина (a spider web)	100	0,00	1,59	312,00	4,11	1,67	1,07	4,84	11,30	4,00	7,00
2	403. певец (a singer)	90	0,71	3	--	4,06	2,12	1,62	3,3	28,40	2,00	5,00
1	404. педаль (a pedal)	69	1,58	2,73	526,00	3,42	2,03	1,27	3,22	8,60	2,00	5,00
1	405. пепельница (an ashtray)	99	0,08	2,49	298,00	3,86	2,95	1,20	4,66	9,20	4,00	9,00
1	406. перекресток (a crossroad)	94	0,40	2,94	423,00	4,57	2,37	1,32	4,21	13,40	4,00	11,00
1	407. перец (a bell pepper)	97	0,22	2,29	359,00	4,43	2,03	1,22	4,22	15,20	2,00	5,00
1	408. перо (a feather)	100	0,00	3,32	261,00	3,80	1,84	1,06	4,69	34,50	2,00	4,00
2	409. персик (a peach)	74	1,32	2,98	--	4,07	2,08	1,12	4,19	4,80	2,00	6,00
1	410. перчатка (a glove)	99	0,08	3,16	354,00	4,35	1,84	1,03	4,06	19,80	3,00	8,00
1	411. петух (a cock)	99	0,08	3,27	502,00	3,83	1,27	1,03	4,70	16,00	2,00	5,00
1	412. печенье (cookies)	70	1,27	2,60	383,00	4,29	1,28	1,18	3,64	7,90	3,00	7,00
1	413. печь (an oven)	94	0,37	3,03	389,00	3,12	1,61	1,09	3,78	32,60	1,00	3,00
2	414. пещера (a cave)	87	0,75	3,16	--	2,79	2,2	1,24	3,52	20,30	3,00	6,00
1	415. пиво (beer)	76	1,03	2,36	257,00	3,91	2,54	1,27	4,16	60,30	2,00	4,00
1	416. пиджак (a jacket)	73	1,00	2,12	236,00	4,28	2,39	1,21	4,43	38,10	2,00	6,00
1	417. пила (a saw)	99	0,08	1,95	218,00	3,78	1,87	1,13	3,93	9,20	2,00	4,00
2	418. пилка (an emery board)	51	1,51	2,64	--	4,08	3,02	1,27	4,22	0,90	2,00	5,00
2	419. пилот (a pilot)	74	1,75	4,04	--	3,37	2,25	1,52	3,22	26,90	2,00	5,00
1	420. пингвин (a penguin)	100	0,00	2,68	289,00	3,30	1,95	1,14	4,33	3,90	2,00	7,00
2	421. пионер (a pioneer)	89	0,82	2,72	--	2,69	2,39	1,21	3,95	14,80	3,00	6,00
1	422. пирамида (a pyramid)	98	0,16	1,82	211,00	3,26	1,99	1,11	4,09	16,00	4,00	8,00
2	423. пират (a pirate)	91	0,61	3,53	--	3,01	1,99	1,16	3,71	15,20	2,00	5,00
2	424. пирог (a pie)	88	0,67	3,89	--	4,37	1,47	1,16	4,09	16,30	2,00	5,00
1	425. пирожок (a patty)	27	3,53	2,03	277,00	3,77	1,46	1,08	3,46	12,10	3,00	7,00
1	426. пистолет (a pistol)	97	0,24	2,84	370,00	3,49	1,99	1,10	4,29	59,40	3,00	8,00
2	427. письмо (a letter)	52	1,42	2,83	--	4,02	1,78	1,13	4,19	304,30	2,00	5,00
1	428. пицца (a pizza)	94	0,40	2,42	380,00	4,53	3,07	1,21	4,51	3,30	2,00	4,00
2	429. платье (a dress)	95	0,36	3,07	--	4,21	1,34	1,07	3,23	64,80	2,00	6,00
2	430. платье (a dress)	46	1,74	3,35	--	3,79	1,3	1,07	3,71	64,80	2,00	6,00
2	431. плеер (a Walkman)	88	0,81	2,89	--	4,2	3,71	1,45	2,81	1,30	2,00	6,00
2	432. пленка (a film stock)	54	2,09	2,55	--	3,35	2,29	1,49	2,83	34,90	2,00	6,00
1	433. плот (a raft)	98	0,16	3,56	404,00	3,06	2,51	1,36	3,36	8,00	1,00	4,00
2	434. повар (a cook)	90	0,52	2,94	--	3,61	2	1,2	3,75	13,30	2,00	5,00
1	435. поводок (a leash)	45	2,26	3,20	276,00	3,81	2,07	1,29	3,59	6,90	3,00	7,00
2	436. подарок (a present)	87	0,71	2,19	--	4,08	1,26	1,31	4,65	75,40	3,00	7,00
1	437. подбородок (a chin)	95	0,38	1,98	306,00	4,73	1,69	1,17	3,94	26,10	4,00	10,00
1	438. поднос (a tray)	67	1,25	3,31	650,00	3,87	2,38	1,14	3,76	11,60	2,00	6,00
2	439. подтяжки (a pair of braces)	97	0,24	3,47	--	3,06	2,63	1,26	4,4	2,50	3,00	7,00
2	440. подушка (a pillow)	99	0,08	2,38	--	4,9	1,16	1,04	4,33	39,50	3,00	7,00
1	441. поезд (a train)	84	0,94	3,73	396,00	4,33	1,64	1,07	4,27	93,30	2,00	6,00
1	442. пол (a floor)	78	1,32	3,14	644,00	4,52	1,28	1,52	3,73	181,90	1,00	3,00
1	443. поле (1) (a field)	50	2,49	3,45	742,00	4,04	1,83	1,32	3,62	180,20	2,00	4,00
1	444. полка (a shelf)	94	0,43	2,15	356,00	4,51	1,72	1,18	3,70	41,90	2,00	5,00
2	445. половник (a ladle)	67	1,46	2,41	--	4,22	2,19	1,24	4,57	0,90	3,00	8,00
2	446. полотенце (a towel)	91	0,67	3,53	--	4,61	1,28	1,02	3,88	20,50	4,00	9,00
1	447. помидор (a tomato)	82	0,74	2,20	338,00	4,76	1,38	1,02	4,64	15,40	3,00	7,00
1	448. попугай (a parrot)	93	0,48	3,40	302,00	3,87	1,70	1,15	4,00	10,00	3,00	7,00
2	449. портрет (a portrait)	41	2,2	2,65	--	4,39	2,34	1,38	3,53	73,60	2,00	7,00
2	450. портфель (a briefcase)	81	0,98	2,8	--	3,83	2,03	1,13	3,6	31,20	2,00	7,00
2	451. почка (a bud)	96	0,3	3,32	--	3,74	2,38	1,27	3,23	16,20	2,00	5,00
2	452. привидение (a ghost)	86	0,74	1,9	--	3,11	2,01	1,21	3,68	7,10	5,00	11,00
2	453. принц (a prince)	96	0,32	3,24	--	2,55	1,6	1,24	4,2	24,80	1,00	5,00
2	454. принцесса (a princess)	90	0,76	3,51	--	2,92	1,59	1,19	4,12	15,70	3,00	8,00
2	455. прихожая (a vestibule)	20	4,08	3,61	--	3,22	2,19	1,47	1,66	21,10	4,00	9,00
1	456. прищепка (a clothepin)	96	0,32	2,66	155,00	4,06	1,93	1,06	4,84	0,50	3,00	8,00
2	457. пробка (a stopper)	79	1,52	2,78	--	3,62	2,2	1,21	3,83	21,30	2,00	6,00
2	458. продавец (a saleswoman)	38	2,53	3,44	--	4,53	1,76	1,33	4,27	36,90	3,00	8,00
1	459. пружина (a spring)	94	0,33	2,45	302,00	3,32	2,25	1,08	4,63	11,70	3,00	7,00
1	460. прямоугольник (a rectangle)	96	0,32	1,27	213,00	4,46	2,38	1,03	4,92	5,70	5,00	12,00
2	461. птица (a bird)	84	1,08	2,51	--	4,12	1,16	1,2	3,62	94,50	2,00	5,00
2	462. птицы (birds)	57	1,97	2,61	--	4,16	1,13	1,08	3,8	94,50	2,00	5,00
1	463. пуговица (a button)	98	0,16	2,04	288,00	4,75	1,40	1,02	4,84	19,80	4,00	8,00
2	464. пуля (a bullet)	57	2,36	1,63	--	2,37	2,38	1,16	4,03	45,30	2,00	4,00
1	465. пылесос (a vacuum cleaner)	100	0,00	3,23	388,00	4,59	2,03	1,19	4,18	6,00	3,00	7,00
2	466. пяльцы (a lace-frame)	54	2,45	2,56	--	2,96	3,13	1,74	4,14	0,40	2,00	5,00
2	467. рабочий (a worker)	24	2,83	2,81	--	3,19	2,29	1,55	3,65	64,20	3,00	7,00
1	468. радуга (a rainbow)	89	0,83	2,42	397,00	4,42	1,42	1,06	4,08	8,10	3,00	6,00
1	469. рак (a crayfish)	89	0,70	3,82	390,00	2,91	1,76	1,16	4,45	22,20	1,00	3,00
1	470. ракета (a rocket)	99	0,08	1,85	194,00	3,48	2,03	1,15	4,00	62,90	3,00	6,00
1	471. ракетка (a racket)	100	0,00	2,16	327,00	3,90	2,67	1,25	4,70	3,30	3,00	7,00
1	472. раскладушка (a folding bed)	89	0,72	2,58	345,00	3,80	2,20	1,29	4,23	5,30	4,00	11,00
1	473. расческа (a comb)	94	0,37	2,51	332,00	4,64	1,51	1,04	4,32	2,90	3,00	7,00
1	474. ребенок (a baby)	67	1,44	2,71	338,00	3,88	1,40	1,11	3,36	658,30	3,00	7,00
1	475. река (a river)	76	1,50	3,30	480,00	4,53	1,38	1,20	3,47	131,00	2,00	4,00
1	476. ремень (a belt)	100	0,00	2,86	431,00	4,53	1,69	1,01	4,48	28,40	2,00	5,00
2	477. ресторан (a restaurant)	62	1,49	3,45	--	4,18	2,65	1,62	3,88	79,30	3,00	8,00
1	478. решетка (a grating)	92	0,55	2,61	312,00	3,26	2,18	1,16	4,13	29,00	3,00	7,00
1	479. робот (a robot)	97	0,22	3,18	331,00	3,24	2,49	1,44	3,94	8,70	2,00	5,00
1	480. роза (a rose)	100	0,00	3,11	399,00	4,41	1,68	1,06	4,71	42,70	2,00	4,00
2	481. ролики (roller skates)	96	0,3	3,8	--	3,76	3,4	1,2	4,18	11,60	3,00	6,00
2	482. ромб (a rhombus)	65	2,02	1,19	--	4,04	2,63	1,07	4,42	1,80	1,00	4,00
2	483. рояль (a grand piano)	77	1,01	3,09	--	3,87	2,51	1,17	4,73	19,70	2,00	5,00
2	484. рубанок (a plane)	67	1,9	2,8	--	2,08	3,24	1,98	3,97	1,10	3,00	7,00
1	485. рубашка (a shirt)	90	0,62	2,33	433,00	4,82	1,60	1,15	3,98	45,90	3,00	7,00
1	486. ружье (a rifle)	94	0,48	3,29	250,00	2,99	2,18	1,09	4,58	28,30	2,00	5,00
2	487. рука (an arm)	98	0,16	2,18	--	4,87	1,02	1,04	4,29	1200,60	2,00	4,00
1	488. рукав (a sleeve)	100	0,00	1,73	261,00	4,80	1,47	1,30	4,11	42,90	2,00	5,00
2	489. рулетка (a roulette)	89	0,66	3,17	--	2,71	2,92	1,46	2,41	3,70	3,00	7,00
1	490. руль (a steering wheel)	97	0,24	2,12	206,00	4,09	1,80	1,12	4,43	43,30	1,00	3,00
1	491. рупор (a megaphone)	34	2,05	3,41	237,00	2,64	3,42	1,45	4,12	2,70	2,00	5,00
1	492. ручка (1) (a pen)	77	1,13	3,08	248,00	4,03	1,51	1,17	3,31	57,60	2,00	5,00
2	493. рыба (a fish)	96	0,28	2,43	--	4,18	1,13	1,02	4,66	86,00	2,00	4,00
2	494. рынок (a market)	26	3,08	3,63	--	4,45	1,98	1,48	3,49	283,30	2,00	5,00
2	495. рыцарь (a knight)	77	1,31	3,62	--	2,81	2,24	1,18	3,76	18,90	2,00	5,00
1	496. рюкзак (1) (a backpack)	90	0,67	3,20	440,00	4,83	2,28	1,16	3,64	17,20	2,00	6,00
2	497. сад (a garden)	42	2,7	2,94	--	3,59	1,37	1,37	2,96	135,80	1,00	3,00
1	498. салфетка (1) (a table-napkin)	90	0,67	2,75	232,00	4,40	1,85	1,19	3,17	11,30	3,00	8,00
1	499. салфетка (2) (an overlay)	31	2,44	2,61	253,00	3,92	1,97	1,14	2,61	11,30	3,00	8,00
1	500. салфетки (paper napkins)	76	1,43	2,73	290,00	4,15	1,99	1,16	2,26	11,30	3,00	8,00
2	501. самовар (a samovar)	100	0	3,84	--	3,19	1,82	1,07	4,77	11,70	3,00	7,00
2	502. самокат (a scooter)	100	0	2,7	--	3,75	2,49	1,16	4,65	1,00	3,00	7,00
2	503. самолет (an airplane)	99	0,08	2,91	--	4,34	1,45	1,05	4,36	166,10	3,00	7,00
1	504. санки (a sled)	89	0,55	2,54	236,00	4,02	1,17	1,07	4,43	4,90	2,00	5,00
1	505. сапог (a boot)	97	0,24	2,20	512,00	4,57	1,45	1,06	4,27	62,00	2,00	5,00
2	506. сапожник (a shoemaker)	79	1,17	3,69	--	2,99	2,28	1,68	4,04	4,80	3,00	8,00
2	507. сачок (a butterfly net)	99	0,08	2,92	--	2,93	2,03	1,25	4,73	2,70	2,00	5,00
1	508. светофор (a traffic light)	98	0,14	2,71	303,00	4,78	1,72	1,01	4,55	8,00	3,00	8,00
1	509. свеча (a candle)	96	0,27	2,93	268,00	4,19	1,92	1,04	4,05	31,60	2,00	5,00
2	510. свинья (a pig)	90	0,74	2,75	--	3,42	1,42	1,08	3,7	23,10	2,00	6,00
1	511. свисток (1) (a whistle)	99	0,08	2,97	153,00	3,32	1,95	1,11	4,65	5,00	2,00	7,00
1	512. свитер (a pullover)	98	0,16	2,88	546,00	4,63	1,78	1,10	4,52	15,00	2,00	6,00
2	513. свиток (1) (a scroll)	50	2,51	2,43	--	2,76	2,81	1,22	4,33	2,60	2,00	6,00
2	514. свиток (2) (a scroll)	65	1,96	2,67	--	2,7	3,15	1,3	4,35	2,60	2,00	6,00
2	515. священник (a priest)	46	2,25	3,14	--	3,26	2,64	1,34	3,89	39,70	3,00	8,00
2	516. сейф (a safe)	99	0,08	2,91	--	3,64	3,07	1,24	4,6	13,10	1,00	4,00
1	517. семья (a family)	94	0,43	3,04	404,00	4,71	1,64	1,54	3,37	276,60	2,00	5,00
1	518. сердце (a heart)	95	0,38	2,85	236,00	4,19	1,76	1,23	3,96	245,10	2,00	5,00
2	519. сигара (a cigar)	45	1,76	2,68	--	3,14	3,2	1,12	4,21	6,80	3,00	6,00
2	520. сигарета (a cigarette)	95	0,38	2,13	--	4,23	2,34	1,04	4,61	56,30	4,00	8,00
2	521. сирень (a lilac)	92	0,57	4,06	--	4,02	1,93	1,21	4,33	8,20	2,00	5,00
2	522. сказка (a fairy tale)	42	2,58	3,79	--	3,8	1,07	1,85	2,35	54,70	2,00	6,00
2	523. скакалка (a skipping-rope)	85	0,9	1,44	--	3,84	2,01	1,03	4,87	0,90	3,00	8,00
1	524. скалка (a rolling pin)	100	0,00	1,39	241,00	3,97	2,32	1,19	4,50	0,70	2,00	6,00
2	525. скамейка (a bench)	69	1,31	2,22	--	4,58	1,56	1,08	4,38	29,00	3,00	8,00
1	526. скворечник (a nesting box)	97	0,22	2,17	334,00	3,08	2,06	1,06	4,77	1,80	3,00	10,00
2	527. скейтборд (a skateboard)	76	0,97	2,9	--	3,28	3,85	1,32	4,86	0,00	2,00	9,00
1	528. скелет (a skeleton)	100	0,00	3,45	276,00	3,41	2,50	1,12	4,63	10,60	2,00	6,00
1	529. сковорода (1) (a frying pan)	73	1,10	2,23	263,00	4,80	1,83	1,04	4,59	5,80	4,00	9,00
1	530. скорпион (a scorpion)	94	0,38	3,43	299,00	3,08	2,94	1,34	4,48	4,70	3,00	8,00
1	531. скрепка (a paperclip)	97	0,22	1,74	211,00	4,69	2,57	1,13	4,80	2,30	2,00	7,00
1	532. скрипка (a violin)	89	0,73	3,01	311,00	3,43	2,38	1,16	4,79	18,40	2,00	7,00
2	533. скунс (a skunk)	64	1,73	3,69	--	2,37	3,51	1,92	4,15	0,50	1,00	5,00
1	534. словарь (a dictionary)	96	0,32	2,47	266,00	4,48	2,52	1,22	3,97	23,90	2,00	6,00
2	535. слон (an elephant)	98	0,16	3,19	--	3,54	1,21	1,03	4,16	23,80	1,00	4,00
1	536. смородина (currant)	57	1,90	3,83	463,00	4,00	1,81	1,19	4,33	5,00	4,00	9,00
1	537. снеговик (a snowman)	97	0,24	2,88	320,00	4,10	1,31	1,03	3,93	0,40	3,00	8,00
2	538. сноуборд (a snowboard)	76	1,36	2,83	--	2,99	4,19	1,38	4,49	1,00	2,00	8,00
2	539. собака (a dog)	53	1,23	3,11	--	4,47	1,03	1,09	3,62	132,20	3,00	6,00
1	540. сова (an owl)	73	0,96	3,25	465,00	3,89	1,67	1,15	4,20	8,50	2,00	4,00
1	541. сок (juice)	76	1,41	3,34	235,00	4,85	1,44	1,41	3,24	35,80	1,00	3,00
1	542. солдат (a soldier)	70	1,61	2,87	361,00	3,38	2,04	1,12	3,10	142,20	2,00	6,00
1	543. солнце (a sun)	89	0,64	2,23	357,00	4,73	1,18	1,04	3,20	165,20	2,00	5,00
1	544. солонка (a saltcellar)	76	1,52	3,06	301,00	4,42	2,26	1,33	3,58	1,00	3,00	7,00
2	545. сосиски (sausages)	83	1,08	1,91	--	4,41	1,74	1,05	4,1	7,50	3,00	7,00
1	546. спина (a back)	82	1,11	1,93	330,00	4,63	1,34	1,32	3,63	183,10	2,00	5,00
2	547. спичка (a match)	100	0	2,13	--	4,44	1,4	1,03	4,8	20,30	2,00	6,00
2	548. спортсмен (a sportsman)	84	0,85	2,51	--	3,81	2,04	1,47	3,63	25,40	2,00	8,00
1	549. стадион (a stadium)	98	0,16	4,02	627,00	3,72	2,37	1,32	4,15	17,60	3,00	7,00
1	550. стакан (1) (a glass)	92	0,60	2,47	282,00	4,55	1,38	1,07	4,73	72,80	2,00	6,00
2	551. стакан (2) (a plastic cup)	43	2,48	2,4	--	4,37	1,36	1,04	1,46	72,80	2,00	6,00
2	552. стакан (3) (a glass)	84	1,03	1,82	--	4,88	1,32	1,02	3,87	72,80	2,00	6,00
2	553. стакан (4) (a plastic cup)	72	1,24	1,94	--	4,31	1,33	1,01	2,18	72,80	2,00	6,00
2	554. старик (an old man)	33	2,24	3,14	--	3,98	1,81	1,2	3,28	151,00	2,00	6,00
1	555. статуя (a statue)	58	1,64	3,15	351,00	3,48	2,42	1,22	4,18	16,10	3,00	7,00
2	556. степлер (a stapler)	96	0,3	3,37	--	4,2	3,88	1,15	4,48	0,00	2,00	7,00
2	557. стол (a table)	95	0,29	1,86	--	4,84	1,05	1,03	4,44	402,50	1,00	4,00
1	558. страус (an ostrich)	98	0,16	3,02	368,00	3,47	2,26	1,29	4,27	3,10	2,00	6,00
1	559. стрекоза (a dragonfly)	100	0,00	3,90	681,00	3,82	1,77	1,10	3,86	4,10	3,00	8,00
1	560. стрела (an arrow)	99	0,08	2,29	183,00	3,47	1,83	1,07	4,84	20,70	2,00	6,00
1	561. стул (a chair)	100	0,00	2,47	340,00	4,91	1,17	1,06	4,61	87,60	1,00	4,00
2	562. сумка (a bag)	83	0,92	2,12	--	4,65	1,43	1,07	3,75	55,50	2,00	5,00
2	563. сундук (a chest)	82	0,91	2,95	--	2,75	1,81	1,09	3,68	12,50	2,00	6,00
1	564. сыр (cheese)	99	0,08	2,74	333,00	4,74	1,52	1,10	4,35	19,50	1,00	3,00
2	565. сыщик (a detective)	63	1,65	3,24	--	2,82	2,53	1,28	3,91	7,50	2,00	5,00
1	566. таблетка (a pill)	92	0,62	1,78	222,00	4,32	1,79	1,06	4,74	21,20	3,00	8,00
1	567. табурет (a stool)	72	1,10	2,44	435,00	4,46	1,68	1,05	4,66	7,30	3,00	7,00
1	568. таз (a washbasin)	70	1,60	1,94	219,00	3,98	1,57	1,13	3,20	13,40	1,00	3,00
1	569. танк (a tank)	99	0,08	3,49	515,00	3,37	1,91	1,24	4,37	52,60	1,00	4,00
1	570. тапочки (slippers)	48	1,31	2,53	413,00	4,79	1,40	1,09	4,27	9,40	3,00	7,00
1	571. таракан (a cockroach)	63	1,25	3,70	252,00	3,41	1,67	1,11	4,22	10,30	3,00	7,00
2	572. тарелка (a plate)	74	1,31	2,09	--	4,71	1,13	1,01	4,07	41,30	3,00	7,00
2	573. театр (a theatre)	27	2,78	3,95	--	4,05	2,16	1,56	3,33	305,30	2,00	5,00
2	574. телевизор (a TV set)	96	0,32	2,2	--	4,36	1,33	1,04	3,88	72,30	4,00	9,00
2	575. телега (a cart)	81	1,16	3,66	--	2,73	2,17	1,34	3,64	17,80	3,00	6,00
1	576. телескоп (a telescope)	93	0,56	3,46	340,00	2,94	2,90	1,33	3,70	3,80	3,00	8,00
1	577. телефон (a phone)	71	1,36	3,52	345,00	4,89	1,56	1,08	2,37	167,80	3,00	7,00
1	578. тельняшка (a striped vest)	75	1,69	2,88	697,00	3,70	2,69	1,39	4,02	3,20	3,00	8,00
1	579. терка (a grater)	100	0,00	2,47	314,00	4,74	2,16	1,18	4,80	1,70	2,00	5,00
1	580. термос (a thermos)	96	0,32	2,90	320,00	3,98	2,51	1,12	4,35	3,70	2,00	6,00
2	581. тигр (a tiger)	97	0,24	2,99	--	3,49	1,33	1,05	3,96	15,20	1,00	4,00
1	582. топор (an ax)	100	0,00	2,69	296,00	3,73	1,82	1,04	4,86	25,50	2,00	5,00
1	583. торт (a cake)	100	0,00	2,97	462,00	4,58	1,40	1,07	3,82	11,60	1,00	4,00
2	584. торшер (a floor lamp)	69	1,25	2,49	--	3,88	2,83	1,39	4,47	2,30	2,00	6,00
2	585. тостер (a toaster)	99	0,08	3,22	--	3,45	4,23	1,3	4,63	0,50	2,00	6,00
2	586. точилка (a pencil sharpener)	98	0,16	3,06	--	4,21	2,27	1,16	4,28	0,00	3,00	7,00
2	587. точка (a dot)	57	2,04	1,2	--	4,16	2,02	1,04	4,73	232,20	2,00	5,00
1	588. трамвай (a tram)	92	0,53	3,66	430,00	4,11	2,18	1,18	3,49	28,10	2,00	7,00
1	589. треугольник (a triangle)	100	0,00	1,10	226,00	4,57	2,02	1,02	4,75	14,50	4,00	10,00
1	590. троллейбус (a trolley bus)	96	0,27	3,53	494,00	4,36	2,29	1,16	4,52	14,20	3,00	9,00
1	591. трон (a throne)	96	0,27	3,40	557,00	3,11	2,15	1,25	3,95	8,70	1,00	4,00
2	592. трость (a walking-stick)	54	1,98	2,39	--	3,11	2,79	1,24	4,37	5,00	1,00	5,00
2	593. труба (a horn)	69	1,38	1,78	--	2,92	1,75	1,14	2,6	82,10	2,00	5,00
1	594. трубка (a pipe)	100	0,00	3,14	175,00	3,04	2,22	1,15	3,78	101,70	2,00	6,00
2	595. трубопровод (a tube)	45	1,66	2,85	--	3,04	3,25	1,6	3,78	12,50	4,00	11,00
1	596. труп (a corpse)	78	1,24	3,36	317,00	2,72	2,91	1,95	3,30	42,50	1,00	4,00
2	597. трусы (pants)	86	0,83	2,3	--	4,4	1,14	1,05	3,68	15,50	2,00	5,00
1	598. туфли (shoes)	91	0,64	2,41	378,00	4,71	1,57	1,10	3,92	23,20	2,00	5,00
1	599. тыква (a pumpkin)	99	0,08	2,00	378,00	3,94	2,03	1,07	4,61	5,00	2,00	5,00
1	600. тюлень (a seal)	83	1,07	2,59	331,00	3,14	2,57	1,56	4,33	2,60	2,00	5,00
2	601. тюрьма (a prison)	85	1,16	2,49	--	2,29	2,43	1,67	3,01	75,40	2,00	5,00
2	602. тяпка (a hoe)	42	2,9	2,82	--	2,33	2,47	1,42	3,73	0,50	2,00	5,00
2	603. уборщик (a male janitor)	35	2,33	3,9	--	3,47	2,71	1,55	2,93	1,20	3,00	7,00
2	604. уборщица (a female janitor)	35	2,33	3,9	--	3,47	2,4	1,39	2,5	8,20	4,00	8,00
1	605. удочка (a fishing rod)	98	0,16	2,35	223,00	3,45	1,97	1,15	4,56	8,80	3,00	6,00
2	606. узбек (an Uzbek)	31	3,57	3,01	--	3	3,35	2,26	3,4	4,20	2,00	5,00
1	607. украшения (jewellery)	51	2,68	3,73	433,00	3,91	1,98	1,77	3,42	19,60	5,00	10,00
1	608. улитка (a snail)	98	0,16	3,38	411,00	3,69	1,89	1,10	4,09	3,00	3,00	6,00
1	609. улица (a street)	62	1,65	3,46	591,00	4,87	1,33	1,61	3,72	337,80	3,00	5,00
1	610. унитаз (a toilet bowl)	87	0,71	2,54	221,00	4,81	1,86	1,06	4,67	8,70	3,00	6,00
1	611. усы (a moustache)	95	0,38	2,16	180,00	3,95	1,60	1,08	4,52	29,40	2,00	3,00
1	612. утка (a duck)	83	0,37	2,83	320,00	4,19	1,30	1,08	4,20	13,10	2,00	4,00
1	613. утюг (an iron)	100	0,00	3,14	291,00	4,60	1,68	1,06	4,39	8,70	2,00	4,00
1	614. ухо (an ear)	100	0,00	3,16	273,00	4,77	1,17	1,04	4,72	139,30	2,00	3,00
2	615. учитель (1) (a teacher)	43	2,21	2,98	--	4,11	1,85	1,41	2,97	113,80	3,00	6,00
2	616. учитель (2) (a teacher)	38	2,73	3,34	--	4,61	1,8	1,2	4,15	113,80	3,00	6,00
2	617. фартук (an apron)	94	0,43	2,85	--	3,86	1,98	1,09	4,34	6,10	2,00	6,00
1	618. фен (a hairdryer)	97	0,22	3,13	190,00	4,47	2,49	1,10	3,80	2,00	1,00	3,00
1	619. фея (1) (a fairy)	89	0,74	2,73	311,00	3,04	2,01	1,61	2,80	5,40	2,00	4,00
2	620. фея (2) (an elf)	44	2,12	3,72	--	2,54	1,98	1,47	3,05	5,40	2,00	4,00
1	621. фига (a fico)	60	1,47	2,74	218,00	3,62	2,44	1,48	4,08	6,90	2,00	4,00
1	622. флаг (a flag)	95	0,36	2,19	375,00	4,30	1,83	1,10	4,47	29,40	1,00	4,00
2	623. флешка (a flash drive)	88	0,78	2,42	--	4,78	4,76	1,17	4,8	0,00	2,00	6,00
2	624. фляга (a flask)	58	1,76	2,19	--	3	2,92	1,16	4,27	3,50	2,00	5,00
1	625. фонарик (a flashlight)	58	0,98	3,10	327,00	4,22	1,87	1,11	4,29	10,10	3,00	7,00
1	626. фонарь (a lantern)	98	0,16	2,89	274,00	4,40	1,85	1,18	3,33	32,90	2,00	5,00
1	627. фонтан (a fountain)	99	0,08	3,47	506,00	4,16	1,99	1,16	4,18	18,40	2,00	6,00
1	628. форточка (a vent pane)	98	0,16	2,81	537,00	4,55	1,84	1,17	4,62	10,00	3,00	8,00
1	629. фотоаппарат (1) (a camera)	97	0,24	3,71	405,00	4,40	2,07	1,17	4,02	8,50	5,00	10,00
1	630. фотоаппарат (2) (a camera)	99	0,08	3,94	370,00	4,47	2,11	1,12	4,32	8,50	5,00	10,00
1	631. фотография (a photograph)	39	2,20	2,47	29,30	4,34	1,77	1,19	3,47	97,20	5,00	11,00
2	632. футболка (a blouse)	29	2,88	1,67	--	4,49	2,16	1,03	3,47	4,40	3,00	8,00
1	633. халат (a bathrobe)	100	0,00	2,52	599,00	4,45	1,68	1,07	4,01	36,10	2,00	5,00
1	634. хвост (a tail)	95	0,40	2,00	197,00	4,23	1,24	1,19	3,49	55,40	1,00	5,00
1	635. хлеб (1) (bread)	88	0,67	2,61	310,00	4,71	1,12	1,03	3,81	107,40	1,00	4,00
1	636. хлеб (2) (bread)	54	2,63	1,92	363,00	4,11	1,13	1,00	3,00	107,40	1,00	4,00
1	637. хобот (a trunk)	97	0,19	3,18	268,00	2,61	1,84	1,09	3,91	3,40	2,00	5,00
1	638. холодильник (a refrigerator)	98	0,16	2,40	355,00	4,91	1,49	1,05	3,99	29,10	4,00	10,00
2	639. хомяк (a hamster)	57	2,28	3,5	--	3,11	2,07	1,15	3,5	1,10	2,00	5,00
1	640. цапля (a heron)	87	0,82	3,61	366,00	2,79	2,13	1,12	3,99	2,00	2,00	5,00
1	641. цветок (1) (a flower)	65	1,58	3,15	332,00	4,25	1,16	1,07	3,86	92,40	2,00	6,00
2	642. цветок (2) (a flower)	78	0,82	2,28	--	4,21	1,14	1,03	3,49	92,40	2,00	6,00
1	643. цепь (a chain)	95	0,35	2,22	194,00	4,24	2,06	1,18	4,68	51,50	1,00	3,00
1	644. церковь (a church)	61	1,39	3,23	454,00	3,78	2,16	1,20	4,03	178,60	2,00	6,00
1	645. цилиндр (a cylinder)	96	0,32	1,19	228,00	3,86	2,82	1,12	3,84	12,50	2,00	7,00
1	646. цыпленок (a chick)	70	0,94	2,68	316,00	3,54	1,39	1,10	4,42	6,80	3,00	8,00
1	647. чай (tea)	60	1,71	3,85	504,00	4,64	1,31	1,29	3,34	106,80	1,00	3,00
1	648. чайник (a tea-kettle)	76	1,01	2,96	387,00	4,91	1,42	1,03	2,61	21,50	2,00	6,00
1	649. часы (1) (a watch)	96	0,27	3,33	227,00	4,85	1,38	1,11	3,42	72,50	2,00	4,00
2	650. часы (2) (a clock)	95	0,35	2,61	--	4,83	1,4	1,11	3,54	72,50	2,00	4,00
2	651. чашка (a cup)	82	1,1	2,15	--	4,82	1,16	1,09	4,25	33,30	2,00	5,00
1	652. чемодан (a suitcase)	94	0,41	2,26	263,00	4,17	1,94	1,13	4,27	42,80	3,00	7,00
2	653. червь (a worm)	51	1,81	2,53	--	3,55	1,8	1,08	4,59	9,90	1,00	4,00
1	654. череп (a skull)	98	0,16	2,24	324,00	3,25	2,58	1,14	4,05	26,80	2,00	5,00
1	655. черепаха (a tortoise)	100	0,00	3,80	570,00	3,76	1,63	1,11	4,53	6,30	4,00	8,00
1	656. чертеж (a sketch)	92	0,62	3,47	311,00	3,20	3,20	1,60	3,81	17,00	2,00	6,00
2	657. чеснок (a garlic)	81	0,96	2,74	--	4,38	1,89	1,04	4,61	8,50	2,00	6,00
1	658. шампанское (champagne)	65	1,17	2,66	329,00	4,13	2,61	1,17	4,24	30,10	4,00	11,00
1	659. шапка (a ear-flapped hat)	70	1,09	2,69	350,00	4,26	1,17	1,18	3,29	40,60	2,00	5,00
1	660. шар (a sphere)	77	1,17	1,68	302,00	3,89	1,38	1,09	3,56	43,70	1,00	3,00
1	661. шарф (a scarf)	91	0,59	3,03	382,00	4,54	1,48	1,04	4,27	9,60	1,00	4,00
1	662. шахматы (chess)	98	0,14	3,47	432,00	3,85	2,17	1,05	4,56	19,00	3,00	7,00
1	663. шашки (draughts)	94	0,37	2,62	509,00	3,83	2,16	1,19	4,33	9,60	2,00	5,00
1	664. шашлык (a shashlik)	98	0,16	2,93	325,00	4,43	2,66	1,17	4,61	10,00	2,00	6,00
2	665. швабра (a mop)	84	1,11	3,61	--	3,82	2,06	1,13	2,54	3,40	2,00	6,00
1	666. шея (a neck)	76	1,60	1,42	232,00	4,63	1,39	1,17	4,34	85,30	2,00	4,00
2	667. шип (a thorn)	85	0,94	2,4	--	3,66	2,36	1,49	4,13	6,80	1,00	3,00
1	668. шишка (a strobile)	99	0,08	3,63	269,00	4,30	1,42	1,09	4,19	9,40	2,00	5,00
1	669. шкатулка (a casket)	98	0,16	3,63	351,00	4,09	2,21	1,15	4,45	5,30	3,00	8,00
2	670. шкаф (a cupboard)	83	1,08	2,51	--	4,48	1,32	1,04	3,45	48,40	1,00	4,00
1	671. шлагбаум (a lifting gate)	99	0,08	2,90	258,00	4,14	2,99	1,24	4,00	3,50	3,00	8,00
2	672. шланг (a hose)	94	0,43	3,08	--	3,71	2,21	1,11	4,56	9,20	1,00	5,00
1	673. шлем (a helmet)	94	0,46	3,16	437,00	2,88	2,52	1,55	2,86	13,20	1,00	4,00
1	674. шляпа (a hat)	99	0,08	1,78	301,00	4,12	1,73	1,22	4,58	34,20	2,00	5,00
2	675. шмель (a bumble-bee)	63	1,08	4,25	--	3,8	1,84	1,16	4,44	3,50	1,00	4,00
1	676. шов (a seam)	72	1,58	3,26	253,00	4,01	2,60	1,60	3,12	17,70	1,00	3,00
1	677. шоколад (a chocolate bar)	70	1,45	2,76	449,00	4,61	1,45	1,05	4,35	10,90	3,00	7,00
2	678. шорты (shorts)	99	0,08	2,62	--	4,42	1,71	1,06	4,32	5,50	2,00	5,00
1	679. шпага (a rapier)	82	0,88	2,50	209,00	3,06	2,59	1,16	4,50	5,60	2,00	5,00
1	680. шприц (a syringe)	99	0,08	2,32	116,00	4,02	2,06	1,12	4,68	7,80	1,00	5,00
2	681. штанга (barbells)	92	0,53	2,6	--	3,42	2,73	1,35	4,72	4,20	2,00	6,00
1	682. штора (a curtain)	47	1,83	2,44	439,00	4,61	1,88	1,06	4,08	12,40	2,00	5,00
1	683. шуба (a fur coat)	99	0,08	3,32	716,00	4,12	1,64	1,14	3,89	18,70	2,00	4,00
2	684. шуруп (a screw)	52	1,86	3,02	--	3,41	2,67	1,34	4,29	2,10	2,00	5,00
1	685. щека (a cheek)	94	0,48	2,47	275,00	4,84	1,32	1,25	3,79	71,30	2,00	4,00
1	686. щетка (1) (a brush)	99	0,08	3,21	383,00	4,23	1,70	1,17	3,88	9,90	2,00	5,00
1	687. щетка (2) (a tooth-brush)	96	0,24	2,95	151,00	4,98	1,52	1,30	3,26	9,90	2,00	5,00
1	688. щит (a shield)	86	0,87	2,39	342,00	2,98	2,32	1,19	4,18	21,90	1,00	3,00
1	689. юбка (a skirt)	96	0,24	2,81	486,00	4,65	1,47	1,24	3,76	26,30	2,00	5,00
1	690. юла (a humming top)	92	0,49	2,71	370,00	3,07	1,36	1,02	4,72	0,50	2,00	4,00
2	691. яблоко (an apple)	96	0,32	1,62	--	4,8	1,07	1,01	4,67	53,00	3,00	7,00
1	692. яйцо (an egg)	90	0,67	2,59	290,00	4,73	1,22	1,02	2,86	40,20	2,00	5,00
1	693. якорь (an anchor)	100	0,00	2,63	241,00	2,69	2,20	1,07	4,51	25,90	2,00	5,00
2	694. яма (a hole)	80	1,28	3,3	--	3,2	1,2	1,18	4	30,20	2,00	4,00
1	695. ящерица (a lizard)	98	0,16	3,38	118,00	3,67	1,92	1,12	4,59	3,60	4,00	8,00
1	696. ящик (a box)	84	1,10	2,85	409,00	3,43	1,71	1,12	3,28	75,40	2,00	5,00
